Leitura,Leitura_filtrada,Escrita,ModoOperacao,ValorDesejado,CicloInicio,CicloFim
3.18954,0.0,0.0,0,0.0,6301368968,6301370511
3.202037,3.18954,0.0,0,0.0,6302323828,6302323863
3.197761,6.37908,0.0,0,0.0,6303323828,6303323856
3.203023,6.387302,0.0,0,0.0,6304323954,6304323982
3.206312,3.206312,5.0,0,0.0,6305323973,6305324008
3.205654,0.030255,5.0,0,0.0,6306324047,6306324077
3.200721,0.029597,5.0,0,0.0,6307324201,6307324231
3.200392,3.200392,5.0,0,0.0,6308324210,6308324240
3.197761,6.370859,5.0,0,0.0,6309324229,6309324259
3.191513,3.191513,5.0,0,0.0,6310324212,6310324242
3.171124,3.171124,5.0,0,0.0,6311324255,6311324286
3.161916,3.161916,5.0,0,0.0,6312324276,6312324306
3.135937,3.135937,5.0,0,0.0,6313324287,6313324317
3.122454,3.122454,5.0,0,0.0,6314324310,6314324340
3.104367,3.104367,5.0,0,0.0,6315324324,6315324354
3.092528,3.092528,5.0,0,0.0,6316324345,6316324375
3.068522,3.068522,5.0,0,0.0,6317324348,6317324378
3.062274,3.062274,5.0,0,0.0,6318324296,6318324326
3.045831,3.045831,5.0,0,0.0,6319324396,6319324426
3.039254,3.039254,5.0,0,0.0,6320324349,6320324391
3.037281,3.037281,5.0,0,0.0,6321324425,6321324455
3.023469,3.023469,5.0,0,0.0,6322324439,6322324470
3.003409,3.003409,5.0,0,0.0,6324324472,6324324502
2.996832,2.996832,5.0,0,0.0,6325324486,6325324516
2.967564,2.967564,5.0,0,0.0,6326324319,6326324349
2.973812,2.973812,5.0,0,0.0,6327324520,6327324550
2.963947,2.963947,5.0,0,0.0,6328324534,6328324567
2.949148,2.949148,5.0,0,0.0,6329324555,6329324585
2.955396,2.955396,5.0,0,0.0,6330324568,6330324598
2.947504,2.947504,5.0,0,0.0,6331324504,6331324534
2.936323,2.936323,5.0,0,0.0,6332324602,6332324632
2.931719,2.931719,5.0,0,0.0,6333324534,6333324565
2.943886,2.943886,5.0,0,0.0,6334324640,6334324670
2.930075,2.930075,5.0,0,0.0,6335324436,6335324466
2.930075,2.930075,5.0,0,0.0,6336324414,6336324444
2.9258,2.9258,5.0,0,0.0,6337324687,6337324718
2.91988,2.91988,5.0,0,0.0,6338324703,6338324733
2.910672,2.910672,5.0,0,0.0,6339324720,6339324750
2.907055,2.907055,5.0,0,0.0,6340324721,6340324752
2.885679,2.885679,5.0,0,0.0,6341324753,6341324784
2.895545,2.895545,5.0,0,0.0,6342324751,6342324781
2.886008,2.886008,5.0,0,0.0,6343324789,6343324820
2.895874,2.895874,5.0,0,0.0,6344324769,6344324799
2.903109,2.903109,5.0,0,0.0,6345324822,6345324852
2.892914,2.892914,5.0,0,0.0,6346324834,6346324864
2.912317,2.912317,5.0,0,0.0,6347324851,6347324881
2.877458,2.877458,5.0,0,0.0,6348324852,6348324882
2.890283,2.890283,5.0,0,0.0,6349324879,6349324910
2.87976,2.87976,5.0,0,0.0,6350324904,6350324935
2.87417,2.87417,5.0,0,0.0,6351324898,6351324929
2.862989,2.862989,5.0,0,0.0,6352324933,6352324963
2.866277,2.866277,5.0,0,0.0,6353324949,6353324980
2.877129,2.877129,5.0,0,0.0,6354324957,6354324987
2.870223,2.870223,5.0,0,0.0,6355324956,6355324986
2.865619,2.865619,5.0,0,0.0,6356324785,6356324815
2.864304,2.864304,5.0,0,0.0,6357324911,6357324941
2.862331,2.862331,5.0,0,0.0,6358324943,6358324973
2.850163,2.850163,5.0,0,0.0,6359325046,6359325077
2.863646,2.863646,5.0,0,0.0,6360324956,6360324987
2.858713,2.858713,5.0,0,0.0,6361325077,6361325107
2.8426,2.8426,5.0,0,0.0,6362325091,6362325121
2.856083,2.856083,5.0,0,0.0,6363325088,6363325118
2.851807,2.851807,5.0,0,0.0,6364325128,6364325159
2.85115,2.85115,5.0,0,0.0,6365325120,6365325150
2.849177,2.849177,5.0,0,0.0,6366325162,6366325191
2.832734,2.832734,5.0,0,0.0,6367325176,6367325218
2.836351,2.836351,5.0,0,0.0,6368325191,6368325221
2.832734,2.832734,5.0,0,0.0,6369325209,6369325239
2.834378,2.834378,5.0,0,0.0,6370325223,6370325253
2.833063,2.833063,5.0,0,0.0,6371325235,6371325266
2.832734,2.832734,5.0,0,0.0,6372325174,6372325204
2.837667,2.837667,5.0,0,0.0,6373325268,6373325298
2.837996,2.837996,5.0,0,0.0,6374325279,6374325309
2.834707,2.834707,5.0,0,0.0,6375325274,6375325304
2.833721,2.833721,5.0,0,0.0,6376325216,6376325245
2.840298,2.840298,5.0,0,0.0,6377325340,6377325370
2.83109,2.83109,5.0,0,0.0,6378325283,6378325313
2.826157,2.826157,5.0,0,0.0,6379325373,6379325403
2.794587,2.816949,5.0,0,0.0,6380325391,6380325421
2.833392,2.833392,5.0,0,0.0,6381325395,6381325425
2.802151,2.802151,5.0,0,0.0,6382325425,6382325456
2.803795,2.803795,5.0,0,0.0,6383325428,6383325459
2.826815,2.826815,5.0,0,0.0,6384325389,6384325419
2.822211,2.822211,5.0,0,0.0,6385325444,6385325474
2.820895,2.820895,5.0,0,0.0,6386325308,6386325338
2.816949,2.816949,5.0,0,0.0,6387325510,6387325540
2.821553,2.821553,5.0,0,0.0,6388325527,6388325557
2.820566,2.820566,5.0,0,0.0,6389325538,6389325568
2.821224,2.821224,5.0,0,0.0,6390325487,6390325518
2.810701,2.810701,5.0,0,0.0,6391325573,6391325603
2.81103,2.81103,5.0,0,0.0,6392325582,6392325612
2.80807,2.80807,5.0,0,0.0,6393325550,6393325580
2.81662,2.81662,5.0,0,0.0,6394325509,6394325539
2.803137,2.803137,5.0,0,0.0,6395325635,6395325666
2.803466,2.803466,5.0,0,0.0,6396325651,6396325681
2.801822,2.801822,5.0,0,0.0,6397325667,6397325697
2.805768,2.805768,5.0,0,0.0,6398325688,6398325718
2.816291,2.816291,5.0,0,0.0,6399325693,6399325724
2.786694,2.820238,5.0,0,0.0,6400325706,6400325736
2.790641,2.790641,5.0,0,0.0,6401325679,6401325710
2.785708,2.761044,5.0,0,0.0,6402325749,6402325779
2.806755,2.756111,5.0,0,0.0,6403325753,6403325783
2.78801,2.78801,5.0,0,0.0,6404325777,6404325807
2.801493,2.801493,5.0,0,0.0,6405325797,6405325828
2.792943,2.792943,5.0,0,0.0,6406325816,6406325847
2.795902,2.795902,5.0,0,0.0,6407325830,6407325860
2.799191,2.799191,5.0,0,0.0,6408325809,6408325839
2.794587,2.794587,5.0,0,0.0,6409325862,6409325892
2.800177,2.800177,5.0,0,0.0,6410325843,6410325873
2.800177,2.800177,5.0,0,0.0,6411325895,6411325925
2.788996,2.788996,5.0,0,0.0,6412325910,6412325941
2.79656,2.79656,5.0,0,0.0,6413325906,6413325937
2.793272,2.793272,5.0,0,0.0,6414325948,6414325993
2.791956,2.791956,5.0,0,0.0,6415325916,6415325946
2.794587,2.794587,5.0,0,0.0,6416325977,6416326008
2.803466,2.803466,5.0,0,0.0,6417325983,6417326013
2.79097,2.79097,5.0,0,0.0,6418326006,6418326035
2.793929,2.793929,5.0,0,0.0,6419325959,6419325989
2.780775,2.780775,5.0,0,0.0,6420326039,6420326070
2.771238,2.771238,5.0,0,0.0,6421326057,6421326087
2.771238,2.771238,5.0,0,0.0,6422326079,6422326110
2.769265,2.769265,5.0,0,0.0,6423325845,6423325875
2.798533,2.769265,5.0,0,0.0,6424326109,6424326140
2.772225,2.772225,5.0,0,0.0,6425326127,6425326157
2.780446,2.780446,5.0,0,0.0,6426326112,6426326142
2.769594,2.769594,5.0,0,0.0,6427326155,6427326185
2.778144,2.778144,5.0,0,0.0,6428326173,6428326204
2.782419,2.782419,5.0,0,0.0,6429326188,6429326219
2.757755,2.786694,5.0,0,0.0,6430326191,6430326221
2.787681,2.787681,5.0,0,0.0,6431326217,6431326247
2.787023,2.787023,5.0,0,0.0,6432326242,6432326272
2.766963,2.786366,5.0,0,0.0,6433326221,6433326251
2.77091,2.77091,5.0,0,0.0,6434326272,6434326302
2.790312,2.755453,5.0,0,0.0,6435326285,6435326315
2.782091,2.782091,5.0,0,0.0,6436326302,6436326332
2.764004,2.801493,5.0,0,0.0,6437326318,6437326349
2.764661,2.764661,5.0,0,0.0,6438326334,6438326364
2.787352,2.746574,5.0,0,0.0,6439326353,6439326384
2.767621,2.767621,5.0,0,0.0,6440326356,6440326386
2.795902,2.795902,5.0,0,0.0,6441326391,6441326421
2.760386,2.816949,5.0,0,0.0,6442326262,6442326304
2.754138,2.754138,5.0,0,0.0,6443326394,6443326423
2.773211,2.718622,5.0,0,0.0,6444326260,6444326290
2.764332,2.764332,5.0,0,0.0,6445326397,6445326427
2.769594,2.769594,5.0,0,0.0,6446326466,6446326497
2.769265,2.769265,5.0,0,0.0,6447326483,6447326513
2.777487,2.777487,5.0,0,0.0,6448326471,6448326501
2.767292,2.767292,5.0,0,0.0,6449326471,6449326501
2.774856,2.774856,5.0,0,0.0,6450326532,6450326562
2.780446,2.780446,5.0,0,0.0,6451326541,6451326572
2.764661,2.764661,5.0,0,0.0,6452326556,6452326586
2.768608,2.768608,5.0,0,0.0,6453326578,6453326609
2.768936,2.768936,5.0,0,0.0,6454326601,6454326631
2.774856,2.774856,5.0,0,0.0,6455326617,6455326647
2.772225,2.772225,5.0,0,0.0,6456326624,6456326654
2.766634,2.766634,5.0,0,0.0,6457326648,6457326679
2.767292,2.767292,5.0,0,0.0,6458326585,6458326615
2.770581,2.770581,5.0,0,0.0,6459326677,6459326707
2.770252,2.770252,5.0,0,0.0,6460326689,6460326721
2.772554,2.772554,5.0,0,0.0,6461326711,6461326741
2.772554,2.772554,5.0,0,0.0,6462326731,6462326761
3.33588,2.774856,5.0,0,0.0,6463326736,6463326766
2.769923,2.769923,5.0,0,0.0,6464326765,6464326795
2.772554,2.772554,5.0,0,0.0,6465326668,6465326698
2.762359,2.762359,5.0,0,0.0,6466326794,6466326824
2.764661,2.764661,5.0,0,0.0,6467326765,6467326794
2.769265,2.769265,5.0,0,0.0,6468326826,6468326856
2.768936,2.768936,5.0,0,0.0,6469326842,6469326872
2.773211,2.773211,5.0,0,0.0,6470326851,6470326882
2.771238,2.771238,5.0,0,0.0,6471326873,6471326903
2.77091,2.77091,5.0,0,0.0,6472326788,6472326819
2.766963,2.766963,5.0,0,0.0,6473326825,6473326856
2.762688,2.762688,5.0,0,0.0,6474326918,6474326948
2.761044,2.761044,5.0,0,0.0,6475326939,6475326970
2.752823,2.752823,5.0,0,0.0,6476326960,6476326991
2.762688,2.762688,5.0,0,0.0,6477326968,6477326998
2.765648,2.765648,5.0,0,0.0,6478326942,6478326972
2.772225,2.772225,5.0,0,0.0,6479326759,6479326788
2.75644,2.775185,5.0,0,0.0,6480327026,6480327055
2.771238,2.771238,5.0,0,0.0,6481327039,6481327069
2.761702,2.761702,5.0,0,0.0,6482327029,6482327071
2.751507,2.751507,5.0,0,0.0,6483327078,6483327109
2.762359,2.74197,5.0,0,0.0,6484327090,6484327120
2.745588,2.745588,5.0,0,0.0,6485327081,6485327111
2.764661,2.764661,5.0,0,0.0,6486327100,6486327130
2.747561,2.747561,5.0,0,0.0,6487327142,6487327172
2.749863,2.749863,5.0,0,0.0,6488327127,6488327158
2.760057,2.760057,5.0,0,0.0,6489327141,6489327172
2.76203,2.76203,5.0,0,0.0,6490327188,6490327217
2.755453,2.755453,5.0,0,0.0,6491327198,6491327228
2.761702,2.761702,5.0,0,0.0,6492327221,6492327252
2.760715,2.760715,5.0,0,0.0,6493327229,6493327259
2.763346,2.763346,5.0,0,0.0,6494327251,6494327281
2.760715,2.760715,5.0,0,0.0,6495327220,6495327250
2.752823,2.752823,5.0,0,0.0,6496327282,6496327311
2.755453,2.755453,5.0,0,0.0,6497327299,6497327329
2.758742,2.758742,5.0,0,0.0,6498327318,6498327349
2.758742,2.758742,5.0,0,0.0,6499327335,6499327365
2.754796,2.754796,5.0,0,0.0,6500327329,6500327359
2.752494,2.752494,5.0,0,0.0,6501327371,6501327401
2.752823,2.752823,5.0,0,0.0,6502327361,6502327391
2.751836,2.751836,5.0,0,0.0,6503327399,6503327429
2.762688,2.762688,5.0,0,0.0,6504327333,6504327364
2.746245,2.746245,5.0,0,0.0,6505327433,6505327463
2.755453,2.755453,5.0,0,0.0,6506327442,6506327473
2.742957,2.742957,5.0,0,0.0,6507327456,6507327486
2.761044,2.761044,5.0,0,0.0,6508327374,6508327405
2.743944,2.743944,5.0,0,0.0,6509327490,6509327520
2.753809,2.753809,5.0,0,0.0,6510327510,6510327540
2.741642,2.741642,5.0,0,0.0,6511327420,6511327451
2.762688,2.762688,5.0,0,0.0,6512327527,6512327557
2.746574,2.746574,5.0,0,0.0,6513327563,6513327593
2.761373,2.761373,5.0,0,0.0,6514327577,6514327607
2.756111,2.756111,5.0,0,0.0,6515327597,6515327627
2.770581,2.770581,5.0,0,0.0,6516327610,6516327640
2.746245,2.746245,5.0,0,0.0,6517327626,6517327656
2.755125,2.755125,5.0,0,0.0,6518327614,6518327645
2.752165,2.752165,5.0,0,0.0,6519327625,6519327655
2.750849,2.750849,5.0,0,0.0,6520327681,6520327711
2.753809,2.753809,5.0,0,0.0,6521327686,6521327716
2.75348,2.75348,5.0,0,0.0,6522327711,6522327741
2.752494,2.752494,5.0,0,0.0,6523327726,6523327756
2.752165,2.752165,5.0,0,0.0,6524327743,6524327773
2.749534,2.749534,5.0,0,0.0,6525327753,6525327783
2.741642,2.741642,5.0,0,0.0,6526327760,6526327790
2.750849,2.750849,5.0,0,0.0,6527327540,6527327570
2.745917,2.745917,5.0,0,0.0,6528327808,6528327838
2.751178,2.751178,5.0,0,0.0,6529327825,6529327855
3.033006,2.75644,5.0,0,0.0,6530327840,6530327870
2.751836,2.751836,5.0,0,0.0,6531327839,6531327869
2.748219,2.748219,5.0,0,0.0,6532327851,6532327883
2.753809,2.753809,5.0,0,0.0,6533327886,6533327916
2.748547,2.748547,5.0,0,0.0,6534327814,6534327845
2.755125,2.755125,5.0,0,0.0,6535327917,6535327948
2.739997,2.739997,5.0,0,0.0,6536327914,6536327944
2.739997,2.739997,5.0,0,0.0,6537327939,6537327969
2.740655,2.740655,5.0,0,0.0,6538327800,6538327830
2.751178,2.751178,5.0,0,0.0,6539327977,6539328018
2.738682,2.738682,5.0,0,0.0,6540328014,6540328060
2.730789,2.730789,5.0,0,0.0,6541327975,6541328013
2.75348,2.722897,5.0,0,0.0,6542328046,6542328077
2.71928,2.71928,5.0,0,0.0,6543328032,6543328065
2.757098,2.757098,5.0,0,0.0,6544328063,6544328105
2.740984,2.740984,5.0,0,0.0,6545328042,6545328085
2.748547,2.748547,5.0,0,0.0,6546328104,6546328133
2.740655,2.740655,5.0,0,0.0,6547328123,6547328153
2.730789,2.730789,5.0,0,0.0,6548328135,6548328166
2.723883,2.723883,5.0,0,0.0,6549328143,6549328188
2.756769,2.716978,5.0,0,0.0,6550328163,6550328193
2.740984,2.740984,5.0,0,0.0,6551328176,6551328206
2.750192,2.750192,5.0,0,0.0,6552328183,6552328213
2.725199,2.7594,5.0,0,0.0,6553328217,6553328247
2.745917,2.745917,5.0,0,0.0,6554328232,6554328263
2.745917,2.745917,5.0,0,0.0,6555328244,6555328275
2.740984,2.740984,5.0,0,0.0,6556328265,6556328295
2.752494,2.752494,5.0,0,0.0,6557328282,6557328312
2.737366,2.737366,5.0,0,0.0,6558328283,6558328313
2.723555,2.723555,5.0,0,0.0,6559328307,6559328337
2.748219,2.709743,5.0,0,0.0,6560328324,6560328354
2.750849,2.750849,5.0,0,0.0,6561328250,6561328280
2.740655,2.740655,5.0,0,0.0,6562328367,6562328397
2.735064,2.735064,5.0,0,0.0,6563328380,6563328410
2.736709,2.736709,5.0,0,0.0,6564328397,6564328427
2.752494,2.752494,5.0,0,0.0,6565328415,6565328445
2.766306,2.766306,5.0,0,0.0,6566328424,6566328455
2.750521,2.780117,5.0,0,0.0,6567328244,6567328274
2.737695,2.737695,5.0,0,0.0,6568328449,6568328480
2.750521,2.750521,5.0,0,0.0,6569328480,6569328511
2.750192,2.750192,5.0,0,0.0,6570328471,6570328501
2.73638,2.73638,5.0,0,0.0,6571328374,6571328405
2.709743,2.709743,5.0,0,0.0,6572328527,6572328557
2.744601,2.744601,5.0,0,0.0,6573328541,6573328571
2.740655,2.740655,5.0,0,0.0,6574328563,6574328594
2.74789,2.74789,5.0,0,0.0,6575328574,6575328605
2.743944,2.743944,5.0,0,0.0,6576328585,6576328616
2.740655,2.740655,5.0,0,0.0,6577328601,6577328631
2.74197,2.74197,5.0,0,0.0,6578328388,6578328419
2.739997,2.739997,5.0,0,0.0,6579328348,6579328379
2.741313,2.741313,5.0,0,0.0,6580328657,6580328687
2.74493,2.74493,5.0,0,0.0,6581328431,6581328462
2.75348,2.75348,5.0,0,0.0,6582328692,6582328723
2.748219,2.748219,5.0,0,0.0,6583328708,6583328738
2.752165,2.752165,5.0,0,0.0,6584328724,6584328755
2.746245,2.746245,5.0,0,0.0,6585328653,6585328684
2.742957,2.742957,5.0,0,0.0,6586328487,6586328515
2.744272,2.744272,5.0,0,0.0,6587328775,6587328805
2.749205,2.749205,5.0,0,0.0,6588328690,6588328720
2.748219,2.748219,5.0,0,0.0,6589328801,6589328831
2.738353,2.738353,5.0,0,0.0,6590328820,6590328850
2.747232,2.747232,5.0,0,0.0,6591328823,6591328853
2.776829,2.776829,5.0,0,0.0,6592328627,6592328657
2.709743,2.785708,5.0,0,0.0,6593328856,6593328886
2.726185,2.726185,5.0,0,0.0,6594328719,6594328749
2.739997,2.666663,5.0,0,0.0,6595328896,6595328926
2.709743,2.709743,5.0,0,0.0,6596328822,6596328852
2.744272,2.744272,5.0,0,0.0,6597328907,6597328937
2.752494,2.752494,5.0,0,0.0,6598328953,6598328983
2.739997,2.739997,5.0,0,0.0,6599328968,6599328998
2.753809,2.753809,5.0,0,0.0,6600328981,6600329012
2.740655,2.740655,5.0,0,0.0,6601328929,6601328959
2.754138,2.754138,5.0,0,0.0,6602329019,6602329050
2.75348,2.75348,5.0,0,0.0,6603328934,6603328965
2.734078,2.734078,5.0,0,0.0,6604329052,6604329082
2.745917,2.745917,5.0,0,0.0,6605329068,6605329098
2.742628,2.742628,5.0,0,0.0,6606329084,6606329115
2.729145,2.729145,5.0,0,0.0,6607329099,6607329129
2.745588,2.745588,6.0,0,0.0,6608329117,6608329148
2.749534,2.749534,6.0,0,0.0,6609328901,6609328931
2.739997,2.739997,6.0,0,0.0,6610329147,6610329178
2.738024,2.738024,6.0,0,0.0,6611329156,6611329186
2.73934,2.73934,6.0,0,0.0,6612329154,6612329184
2.728487,2.728487,6.0,0,0.0,6613329199,6613329229
2.720595,2.720595,6.0,0,0.0,6614329216,6614329246
2.708098,2.708098,6.0,0,0.0,6615329231,6615329261
2.713031,2.713031,6.0,0,0.0,6616329215,6616329246
2.7104,2.7104,6.0,0,0.0,6617329261,6617329292
2.693629,2.693629,6.0,0,0.0,6618329278,6618329308
2.699219,2.699219,6.0,0,0.0,6619329211,6619329242
2.681132,2.681132,6.0,0,0.0,6620329308,6620329338
2.68475,2.68475,6.0,0,0.0,6621329240,6621329271
2.665676,2.665676,6.0,0,0.0,6622329352,6622329382
2.659428,2.659428,6.0,0,0.0,6623329351,6623329382
2.665348,2.665348,6.0,0,0.0,6624329363,6624329393
2.662388,2.662388,6.0,0,0.0,6625329383,6625329413
2.654495,2.654495,6.0,0,0.0,6626329405,6626329435
2.651536,2.651536,6.0,0,0.0,6627329327,6627329357
2.647918,2.647918,6.0,0,0.0,6628329377,6628329407
2.640684,2.640684,6.0,0,0.0,6629329463,6629329493
2.635751,2.635751,6.0,0,0.0,6630329475,6630329505
2.63608,2.63608,6.0,0,0.0,6631329479,6631329509
2.638053,2.638053,6.0,0,0.0,6632329507,6632329537
2.631147,2.631147,6.0,0,0.0,6633329523,6633329552
2.626872,2.626872,6.0,0,0.0,6634329537,6634329567
2.625885,2.625885,6.0,0,0.0,6635329484,6635329515
2.627529,2.627529,6.0,0,0.0,6636329575,6636329605
2.616677,2.616677,6.0,0,0.0,6637329524,6637329553
2.619308,2.619308,6.0,0,0.0,6638329578,6638329609
2.602536,2.602536,6.0,0,0.0,6639329623,6639329653
2.608785,2.608785,6.0,0,0.0,6640329632,6640329662
2.584778,2.584778,6.0,0,0.0,6641329637,6641329667
2.605496,2.605496,6.0,0,0.0,6642329667,6642329697
2.610429,2.610429,6.0,0,0.0,6643329686,6643329717
2.602536,2.602536,6.0,0,0.0,6644329689,6644329720
2.601221,2.601221,6.0,0,0.0,6645329716,6645329747
2.595959,2.595959,6.0,0,0.0,6646329740,6646329771
2.593329,2.593329,6.0,0,0.0,6647329754,6647329784
2.579188,2.579188,6.0,0,0.0,6648329775,6648329804
2.608127,2.576557,6.0,0,0.0,6649329781,6649329812
2.582476,2.582476,6.0,0,0.0,6651329782,6651329812
2.592342,2.592342,6.0,0,0.0,6652329842,6652329872
2.592013,2.592013,6.0,0,0.0,6653329747,6653329777
2.594315,2.594315,6.0,0,0.0,6654329871,6654329901
2.591027,2.591027,6.0,0,0.0,6655329883,6655329914
2.587409,2.587409,6.0,0,0.0,6656329883,6656329914
2.58708,2.58708,6.0,0,0.0,6657329860,6657329892
2.58445,2.58445,6.0,0,0.0,6658329931,6658329962
2.584778,2.584778,6.0,0,0.0,6659329947,6659329977
2.584778,2.584778,6.0,0,0.0,6660329935,6660329966
2.583134,2.583134,6.0,0,0.0,6661329826,6661329855
2.570967,2.570967,6.0,0,0.0,6662329999,6662330029
2.568336,2.568336,6.0,0,0.0,6663330018,6663330047
2.559786,2.559786,6.0,0,0.0,6664330030,6664330060
2.56143,2.56143,6.0,0,0.0,6665330011,6665330042
2.567349,2.567349,6.0,0,0.0,6666330065,6666330095
2.554195,2.554195,6.0,0,0.0,6667330070,6667330101
2.585107,2.560114,6.0,0,0.0,6668330058,6668330088
2.58445,2.58445,6.0,0,0.0,6669330110,6669330140
2.570309,2.608785,6.0,0,0.0,6670330133,6670330163
2.568993,2.568993,6.0,0,0.0,6671330039,6671330069
2.577872,2.577872,6.0,0,0.0,6672330168,6672330198
2.58445,2.58445,6.0,0,0.0,6673330136,6673330166
2.576557,2.576557,6.0,0,0.0,6674330196,6674330227
2.568336,2.568336,6.0,0,0.0,6675330210,6675330239
2.569322,2.569322,6.0,0,0.0,6676330226,6676330256
2.569322,2.569322,6.0,0,0.0,6677330211,6677330240
2.569322,2.569322,6.0,0,0.0,6678330254,6678330284
2.567349,2.567349,6.0,0,0.0,6679330279,6679330309
2.532491,2.565376,6.0,0,0.0,6680330214,6680330244
2.554853,2.554853,6.0,0,0.0,6681330288,6681330318
2.56702,2.56702,6.0,0,0.0,6682330270,6682330300
2.561101,2.561101,6.0,0,0.0,6683330312,6683330343
2.55847,2.55847,6.0,0,0.0,6684330361,6684330391
2.577872,2.577872,6.0,0,0.0,6685330368,6685330398
2.558799,2.558799,6.0,0,0.0,6686330360,6686330390
2.562088,2.562088,6.0,0,0.0,6687330167,6687330196
2.074727,2.543014,6.0,0,0.0,6688330409,6688330439
2.558799,2.558799,6.0,0,0.0,6689330407,6689330438
2.566034,2.566034,6.0,0,0.0,6690330354,6690330384
2.560772,2.560772,6.0,0,0.0,6691330449,6691330479
2.542027,2.542027,6.0,0,0.0,6692330488,6692330518
2.559786,2.559786,6.0,0,0.0,6693330504,6693330535
2.550578,2.550578,6.0,0,0.0,6694330493,6694330523
2.568336,2.568336,6.0,0,0.0,6695330502,6695330532
2.563074,2.563074,6.0,0,0.0,6696330542,6696330571
2.55847,2.55847,6.0,0,0.0,6697330534,6697330564
2.56143,2.56143,6.0,0,0.0,6698330331,6698330361
2.555839,2.555839,6.0,0,0.0,6699330602,6699330632
2.558799,2.558799,6.0,0,0.0,6700330623,6700330653
2.566691,2.566691,6.0,0,0.0,6701330610,6701330640
2.553208,2.553208,6.0,0,0.0,6702330655,6702330685
2.560772,2.560772,6.0,0,0.0,6703330671,6703330701
2.550578,2.550578,6.0,0,0.0,6704330686,6704330716
2.553866,2.553866,6.0,0,0.0,6705330696,6705330726
2.556168,2.556168,6.0,0,0.0,6706330717,6706330748
2.551893,2.551893,6.0,0,0.0,6707330740,6707330770
2.544001,2.544001,6.0,0,0.0,6708330743,6708330773
2.55551,2.55551,6.0,0,0.0,6709330763,6709330794
2.553208,2.553208,6.0,0,0.0,6710330677,6710330707
2.558799,2.558799,6.0,0,0.0,6711330747,6711330778
2.554524,2.554524,6.0,0,0.0,6712330812,6712330843
2.552222,2.552222,6.0,0,0.0,6713330833,6713330863
2.540712,2.540712,6.0,0,0.0,6714330838,6714330868
2.550906,2.550906,6.0,0,0.0,6715330824,6715330854
2.546303,2.546303,6.0,0,0.0,6716330874,6716330905
2.549591,2.549591,6.0,0,0.0,6717330872,6717330901
2.549591,2.549591,6.0,0,0.0,6718330907,6718330937
2.55288,2.55288,6.0,0,0.0,6719330833,6719330863
2.544329,2.544329,6.0,0,0.0,6720330894,6720330924
2.550249,2.550249,6.0,0,0.0,6721330922,6721330953
2.554524,2.554524,6.0,0,0.0,6722330973,6722331003
2.546303,2.546303,6.0,0,0.0,6723330988,6723331018
2.552222,2.552222,6.0,0,0.0,6724331010,6724331040
2.54696,2.54696,6.0,0,0.0,6725331031,6725331060
2.551893,2.551893,6.0,0,0.0,6726331021,6726331051
2.544658,2.544658,6.0,0,0.0,6727331060,6727331090
2.544658,2.544658,6.0,0,0.0,6728331078,6728331108
2.539068,2.539068,6.0,0,0.0,6729331102,6729331132
2.539397,2.539397,6.0,0,0.0,6730331113,6730331143
2.544001,2.544001,6.0,0,0.0,6731331093,6731331123
2.548605,2.548605,6.0,0,0.0,6732331148,6732331178
2.544329,2.544329,6.0,0,0.0,6733331137,6733331167
2.547289,2.547289,6.0,0,0.0,6734331177,6734331207
2.541699,2.541699,6.0,0,0.0,6735331116,6735331147
2.548933,2.548933,6.0,0,0.0,6736331211,6736331242
2.544987,2.544987,6.0,0,0.0,6737331231,6737331261
2.540712,2.540712,6.0,0,0.0,6738331238,6738331268
2.542685,2.542685,6.0,0,0.0,6739331252,6739331282
2.542027,2.542027,6.0,0,0.0,6740331254,6740331285
2.540712,2.540712,6.0,0,0.0,6741331257,6741331287
2.53282,2.53282,6.0,0,0.0,6742331226,6742331256
2.539068,2.539068,6.0,0,0.0,6743331319,6743331350
2.536437,2.536437,6.0,0,0.0,6744331294,6744331324
2.531833,2.531833,6.0,0,0.0,6745331355,6745331385
2.522625,2.522625,6.0,0,0.0,6746331375,6746331405
2.53841,2.518021,6.0,0,0.0,6747331380,6747331410
2.533806,2.533806,6.0,0,0.0,6748331406,6748331437
2.537752,2.549591,6.0,0,0.0,6749331393,6749331423
2.538739,2.553537,6.0,0,0.0,6750331440,6750331470
2.549262,2.549262,6.0,0,0.0,6751331406,6751331437
2.536437,2.536437,6.0,0,0.0,6752331473,6752331504
2.534793,2.534793,6.0,0,0.0,6753331489,6753331519
2.530846,2.530846,6.0,0,0.0,6754331499,6754331530
2.531175,2.531175,6.0,0,0.0,6755331522,6755331553
2.538081,2.538081,6.0,0,0.0,6756331450,6756331480
2.542027,2.542027,6.0,0,0.0,6757331442,6757331473
2.539725,2.539725,6.0,0,0.0,6758331570,6758331600
2.520981,2.537423,6.0,0,0.0,6759331587,6759331617
2.53282,2.53282,6.0,0,0.0,6760331604,6760331634
2.540712,2.540712,6.0,0,0.0,6761331555,6761331585
2.529202,2.529202,6.0,0,0.0,6762331639,6762331669
2.533148,2.533148,6.0,0,0.0,6763331602,6763331632
2.534135,2.534135,6.0,0,0.0,6764331645,6764331676
2.528544,2.528544,6.0,0,0.0,6765331687,6765331717
2.52986,2.52986,6.0,0,0.0,6766331702,6766331732
2.530846,2.530846,6.0,0,0.0,6767331714,6767331745
2.526571,2.526571,6.0,0,0.0,6768331734,6768331764
2.533148,2.533148,6.0,0,0.0,6769331743,6769331772
2.530189,2.530189,6.0,0,0.0,6770331769,6770331799
2.540383,2.540383,6.0,0,0.0,6771331718,6771331748
2.526242,2.526242,6.0,0,0.0,6772331733,6772331763
2.527558,2.527558,6.0,0,0.0,6773331785,6773331816
2.528216,2.528216,6.0,0,0.0,6774331830,6774331861
2.520323,2.520323,6.0,0,0.0,6775331848,6775331878
2.501578,2.501578,6.0,0,0.0,6776331844,6776331875
2.535122,2.493686,6.0,0,0.0,6777331862,6777331892
2.514404,2.514404,6.0,0,0.0,6778331898,6778331929
2.522625,2.522625,6.0,0,0.0,6779331884,6779331915
2.523283,2.523283,6.0,0,0.0,6780331927,6780331957
2.500592,2.500592,6.0,0,0.0,6781331862,6781331892
2.531175,2.531175,6.0,0,0.0,6782331961,6782331991
2.526571,2.526571,6.0,0,0.0,6783331968,6783331998
2.523283,2.523283,6.0,0,0.0,6784331997,6784332034
2.522954,2.522954,6.0,0,0.0,6785331984,6785332038
2.525914,2.525914,6.0,0,0.0,6786332034,6786332065
2.530189,2.530189,6.0,0,0.0,6787331998,6787332037
2.520652,2.520652,6.0,0,0.0,6788332045,6788332076
2.522625,2.522625,6.0,0,0.0,6789332079,6789332109
2.523612,2.523612,6.0,0,0.0,6790332040,6790332070
2.530846,2.530846,6.0,0,0.0,6791331998,6791332036
2.527229,2.527229,6.0,0,0.0,6792332126,6792332156
2.531833,2.531833,6.0,0,0.0,6793332145,6793332175
2.533806,2.533806,6.0,0,0.0,6794332150,6794332180
2.523612,2.523612,6.0,0,0.0,6795332182,6795332212
2.527887,2.527887,6.0,0,0.0,6796332190,6796332220
2.522296,2.522296,6.0,0,0.0,6797332176,6797332206
2.525585,2.525585,6.0,0,0.0,6798332214,6798332244
2.535122,2.535122,6.0,0,0.0,6799332227,6799332257
2.518679,2.53841,6.0,0,0.0,6800332254,6800332284
2.511773,2.511773,6.0,0,0.0,6801332127,6801332157
2.528544,2.49533,6.0,0,0.0,6802332178,6802332209
2.50125,2.50125,6.0,0,0.0,6803332054,6803332083
2.511115,2.511115,6.0,0,0.0,6804332308,6804332338
2.503552,2.503552,6.0,0,0.0,6805332342,6805332373
2.536766,2.536766,6.0,0,0.0,6806332353,6806332383
2.521967,2.521967,6.0,0,0.0,6807332372,6807332402
2.519337,2.519337,6.0,0,0.0,6808332386,6808332417
2.527887,2.527887,6.0,0,0.0,6809332401,6809332431
2.520652,2.520652,6.0,0,0.0,6810332424,6810332455
2.530189,2.530189,6.0,0,0.0,6811332196,6811332225
2.522296,2.522296,6.0,0,0.0,6812332452,6812332482
2.528544,2.528544,6.0,0,0.0,6813332402,6813332433
2.524598,2.524598,6.0,0,0.0,6814332380,6814332411
2.514733,2.514733,6.0,0,0.0,6815332504,6815332535
2.520652,2.520652,6.0,0,0.0,6816332515,6816332545
2.522296,2.522296,6.0,0,0.0,6817332548,6817332577
2.5269,2.5269,6.0,0,0.0,6818332549,6818332580
2.514404,2.514404,6.0,0,0.0,6819332571,6819332601
2.525914,2.525914,6.0,0,0.0,6820332572,6820332602
2.5269,2.5269,6.0,0,0.0,6821332574,6821332617
2.51835,2.51835,6.0,0,0.0,6822332319,6822332361
2.520323,2.520323,6.0,0,0.0,6823332637,6823332668
2.527229,2.527229,6.0,0,0.0,6824332409,6824332439
2.524598,2.524598,6.0,0,0.0,6825332666,6825332697
2.518679,2.518679,6.0,0,0.0,6826332687,6826332717
2.517692,2.517692,6.0,0,0.0,6827332692,6827332722
2.524598,2.524598,6.0,0,0.0,6828332702,6828332733
2.518679,2.518679,6.0,0,0.0,6829332637,6829332667
2.518679,2.518679,6.0,0,0.0,6830332749,6830332779
2.514404,2.514404,6.0,0,0.0,6831332590,6831332621
2.528544,2.528544,6.0,0,0.0,6832332672,6832332702
2.513417,2.513417,6.0,0,0.0,6833332798,6833332828
2.520652,2.520652,6.0,0,0.0,6834332811,6834332841
2.51835,2.51835,6.0,0,0.0,6835332832,6835332863
2.510458,2.510458,6.0,0,0.0,6836332732,6836332762
2.500263,2.500263,6.0,0,0.0,6837332865,6837332895
2.516048,2.492371,6.0,0,0.0,6838332883,6838332913
2.523612,2.523612,6.0,0,0.0,6839332806,6839332837
2.511115,2.511115,6.0,0,0.0,6840332907,6840332938
2.516048,2.516048,6.0,0,0.0,6841332902,6841332945
2.520652,2.520652,6.0,0,0.0,6842332949,6842332979
2.520323,2.520323,6.0,0,0.0,6843332937,6843332967
2.513746,2.513746,6.0,0,0.0,6844332972,6844333002
2.517363,2.517363,6.0,0,0.0,6845332899,6845332929
2.512759,2.512759,6.0,0,0.0,6846332997,6846333027
2.525914,2.525914,6.0,0,0.0,6847333029,6847333059
2.518021,2.518021,6.0,0,0.0,6848333048,6848333078
2.519994,2.519994,6.0,0,0.0,6849333062,6849333092
2.52131,2.52131,6.0,0,0.0,6850332964,6850332994
2.51835,2.51835,6.0,0,0.0,6851333090,6851333120
2.51835,2.51835,6.0,0,0.0,6852333117,6852333147
2.511773,2.511773,6.0,0,0.0,6853333107,6853333138
2.514404,2.514404,6.0,0,0.0,6854333132,6854333162
2.517363,2.517363,6.0,0,0.0,6855333155,6855333185
2.531504,2.531504,6.0,0,0.0,6856333165,6856333196
2.500921,2.534464,6.0,0,0.0,6857333185,6857333216
2.506511,2.506511,6.0,0,0.0,6858333106,6858333136
2.522296,2.478559,6.0,0,0.0,6859333149,6859333179
2.513746,2.513746,6.0,0,0.0,6860333240,6860333269
2.504538,2.504538,6.0,0,0.0,6861333095,6861333125
2.507827,2.507827,6.0,0,0.0,6862333192,6862333222
2.516377,2.516377,6.0,0,0.0,6863333285,6863333315
2.522954,2.522954,6.0,0,0.0,6864333302,6864333332
2.525914,2.525914,6.0,0,0.0,6865333298,6865333328
2.515719,2.515719,6.0,0,0.0,6866333341,6866333371
2.517692,2.517692,6.0,0,0.0,6867333355,6867333386
2.514404,2.514404,6.0,0,0.0,6868333370,6868333400
2.523612,2.523612,6.0,0,0.0,6869333360,6869333390
2.52131,2.52131,6.0,0,0.0,6870333396,6870333426
2.517363,2.517363,6.0,0,0.0,6871333417,6871333447
2.522296,2.522296,6.0,0,0.0,6872333427,6872333457
2.510458,2.510458,6.0,0,0.0,6873333453,6873333483
2.527558,2.527558,6.0,0,0.0,6874333470,6874333500
2.511444,2.511444,6.0,0,0.0,6875333411,6875333441
2.507827,2.507827,6.0,0,0.0,6876333494,6876333524
2.520323,2.520323,6.0,0,0.0,6877333513,6877333543
2.505854,2.505854,6.0,0,0.0,6878333535,6878333566
2.511773,2.511773,6.0,0,0.0,6879333541,6879333571
2.516048,2.516048,6.0,0,0.0,6880333566,6880333597
2.520981,2.520981,6.0,0,0.0,6881333505,6881333550
2.516706,2.516706,6.0,0,0.0,6882333595,6882333626
2.520981,2.520981,6.0,0,0.0,6883333611,6883333641
2.532491,2.532491,6.0,0,0.0,6884333632,6884333662
2.517692,2.517692,6.0,0,0.0,6885333647,6885333677
2.496646,2.496646,6.0,0,0.0,6886333660,6886333690
2.502894,2.502894,6.0,0,0.0,6887333672,6887333702
2.5098,2.5098,6.0,0,0.0,6888333615,6888333644
2.523612,2.523612,6.0,0,0.0,6889333713,6889333743
2.518679,2.518679,6.0,0,0.0,6890333730,6890333760
2.522954,2.522954,6.0,0,0.0,6891333705,6891333736
2.516706,2.516706,6.0,0,0.0,6892333763,6892333811
2.519337,2.519337,6.0,0,0.0,6893333776,6893333806
2.524927,2.524927,6.0,0,0.0,6894333796,6894333826
2.515719,2.515719,6.0,0,0.0,6895333791,6895333821
2.500263,2.500263,6.0,0,0.0,6896333829,6896333859
2.512431,2.491055,6.0,0,0.0,6897333735,6897333778
2.502565,2.502565,6.0,0,0.0,6898333845,6898333875
2.487438,2.514075,6.0,0,0.0,6899333878,6899333908
2.495659,2.495659,6.0,0,0.0,6900333895,6900333925
2.503223,2.480532,6.0,0,0.0,6901333927,6901333957
2.519994,2.488095,6.0,0,0.0,6902333923,6902333953
2.506511,2.506511,6.0,0,0.0,6903333943,6903333973
2.52131,2.52131,6.0,0,0.0,6904333931,6904333961
2.514075,2.514075,6.0,0,0.0,6905333970,6905334000
2.511444,2.511444,6.0,0,0.0,6906333995,6906334024
2.515719,2.515719,6.0,0,0.0,6907334007,6907334038
2.51539,2.51539,6.0,0,0.0,6908334025,6908334055
2.510786,2.510786,6.0,0,0.0,6909334033,6909334064
2.513417,2.513417,6.0,0,0.0,6910333822,6910333860
2.50125,2.50125,5.0,0,0.0,6911334060,6911334089
2.516377,2.516377,5.0,0,0.0,6912334089,6912334120
2.5098,2.5098,5.0,0,0.0,6913334102,6913334132
2.516048,2.516048,5.0,0,0.0,6914334124,6914334154
2.518021,2.518021,5.0,0,0.0,6915334057,6915334087
2.499276,2.499276,5.0,0,0.0,6916334150,6916334180
2.528544,2.528544,5.0,0,0.0,6917334157,6917334187
2.529531,2.529531,5.0,0,0.0,6918334186,6918334216
2.552551,2.552551,5.0,0,0.0,6919334201,6919334231
2.556497,2.556497,5.0,0,0.0,6920334209,6920334239
2.562088,2.562088,5.0,0,0.0,6921334106,6921334138
2.57294,2.57294,5.0,0,0.0,6922334238,6922334268
2.57853,2.57853,5.0,0,0.0,6923334266,6923334296
2.587409,2.587409,5.0,0,0.0,6924334263,6924334293
6.566217,2.596288,5.0,0,0.0,6925334304,6925334335
2.604838,2.604838,5.0,0,0.0,6926334365,6926334394
2.602865,2.602865,5.0,0,0.0,6927334294,6927334325
2.596617,2.596617,5.0,0,0.0,6928334347,6928334378
2.597933,2.597933,5.0,0,0.0,6929334372,6929334402
2.60451,2.60451,5.0,0,0.0,6930334381,6930334411
2.597933,2.597933,5.0,0,0.0,6931334388,6931334418
2.618321,2.618321,5.0,0,0.0,6932334413,6932334444
2.605496,2.605496,5.0,0,0.0,6933334381,6933334412
2.633778,2.633778,5.0,0,0.0,6934334442,6934334472
2.629831,2.629831,5.0,0,0.0,6935334355,6935334385
2.629174,2.629174,5.0,0,0.0,6936334416,6936334447
2.639039,2.639039,5.0,0,0.0,6937334492,6937334522
2.633778,2.633778,5.0,0,0.0,6938334507,6938334537
2.640355,2.640355,5.0,0,0.0,6939334492,6939334522
2.643643,2.643643,5.0,0,0.0,6940334532,6940334563
2.64463,2.64463,5.0,0,0.0,6941334576,6941334605
2.646932,2.646932,5.0,0,0.0,6942334498,6942334528
2.647918,2.647918,5.0,0,0.0,6943334585,6943334614
2.651207,2.651207,5.0,0,0.0,6944334612,6944334643
2.655482,2.655482,5.0,0,0.0,6945334630,6945334660
2.65877,2.65877,5.0,0,0.0,6946334644,6946334675
2.656468,2.656468,5.0,0,0.0,6947334644,6947334674
2.657784,2.657784,5.0,0,0.0,6948334676,6948334706
2.658113,2.658113,5.0,0,0.0,6949334666,6949334696
2.657455,2.657455,5.0,0,0.0,6950334704,6950334735
2.659099,2.659099,5.0,0,0.0,6951334678,6951334722
2.657126,2.657126,5.0,0,0.0,6952334743,6952334773
2.661072,2.661072,5.0,0,0.0,6953334765,6953334795
2.667978,2.667978,5.0,0,0.0,6954334751,6954334781
2.664032,2.664032,5.0,0,0.0,6955334798,6955334829
2.669294,2.669294,5.0,0,0.0,6956334703,6956334733
2.657784,2.657784,5.0,0,0.0,6957334826,6957334856
2.66469,2.66469,5.0,0,0.0,6958334837,6958334867
2.676857,2.676857,5.0,0,0.0,6959334859,6959334889
2.668965,2.683763,5.0,0,0.0,6960334876,6960334906
2.657784,2.657784,5.0,0,0.0,6961334880,6961334910
2.673569,2.673569,5.0,0,0.0,6962334909,6962334939
2.685408,2.685408,5.0,0,0.0,6963334924,6963334953
2.670609,2.697246,5.0,0,0.0,6964334942,6964334972
2.676857,2.676857,5.0,0,0.0,6965334956,6965334986
2.677515,2.677515,5.0,0,0.0,6966334974,6966335004
2.678173,2.678173,5.0,0,0.0,6967334992,6967335022
2.677844,2.677844,5.0,0,0.0,6968334999,6968335029
2.68179,2.68179,5.0,0,0.0,6969335020,6969335051
2.672582,2.672582,5.0,0,0.0,6970334955,6970334984
2.675542,2.675542,5.0,0,0.0,6971335066,6971335096
2.675213,2.675213,5.0,0,0.0,6972335072,6972335102
2.684421,2.684421,5.0,0,0.0,6973335061,6973335091
2.688696,2.688696,5.0,0,0.0,6974335108,6974335138
2.691656,2.691656,5.0,0,0.0,6975335119,6975335149
2.694287,2.694287,5.0,0,0.0,6976335133,6976335163
2.685079,2.685079,5.0,0,0.0,6977335072,6977335102
2.688038,2.688038,5.0,0,0.0,6978335167,6978335197
2.688038,2.688038,5.0,0,0.0,6979335079,6979335109
2.692314,2.692314,5.0,0,0.0,6980335183,6980335213
2.683434,2.683434,5.0,0,0.0,6981335230,6981335260
2.682777,2.682777,5.0,0,0.0,6982335234,6982335264
2.690998,2.690998,5.0,0,0.0,6983335254,6983335284
2.679817,2.679817,5.0,0,0.0,6984335259,6984335290
2.709085,2.709085,5.0,0,0.0,6985335287,6985335317
2.689683,2.689683,5.0,0,0.0,6986335229,6986335259
2.689025,2.689025,5.0,0,0.0,6987335320,6987335350
2.696917,2.696917,5.0,0,0.0,6988335323,6988335354
2.698891,2.698891,5.0,0,0.0,6989335351,6989335382
2.695931,2.695931,5.0,0,0.0,6990335368,6990335399
2.703166,2.703166,5.0,0,0.0,6991335377,6991335406
2.700206,2.700206,5.0,0,0.0,6992335401,6992335431
2.705139,2.705139,5.0,0,0.0,6993335391,6993335421
2.695931,2.695931,5.0,0,0.0,6994335430,6994335460
2.698562,2.698562,5.0,0,0.0,6995335398,6995335429
2.70777,2.70777,5.0,0,0.0,6996335464,6996335494
2.703823,2.703823,5.0,0,0.0,6997335481,6997335511
2.698562,2.698562,5.0,0,0.0,6998335498,6998335528
2.697904,2.697904,5.0,0,0.0,6999335498,6999335528
2.703823,2.703823,5.0,0,0.0,7000335526,7000335555
2.703166,2.703166,5.0,0,0.0,7001335557,7001335586
2.704481,2.704481,5.0,0,0.0,7002335559,7002335590
2.706125,2.706125,5.0,0,0.0,7003335524,7003335555
2.70185,2.70185,5.0,0,0.0,7004335512,7004335555
2.717964,2.717964,5.0,0,0.0,7005335608,7005335638
2.71928,2.71928,5.0,0,0.0,7006335598,7006335628
2.706125,2.706125,5.0,0,0.0,7007335645,7007335676
2.70777,2.70777,5.0,0,0.0,7008335656,7008335687
2.697575,2.697575,5.0,0,0.0,7009335656,7009335687
2.703823,2.703823,5.0,0,0.0,7010335667,7010335698
2.69626,2.69626,5.0,0,0.0,7011335699,7011335729
2.705468,2.705468,5.0,0,0.0,7012335729,7012335759
2.711058,2.711058,5.0,0,0.0,7013335817,7013335846
2.701193,2.701193,5.0,0,0.0,7014335765,7014335795
2.702837,2.702837,5.0,0,0.0,7015335775,7015335806
2.702508,2.702508,5.0,0,0.0,7016335787,7016335817
2.702837,2.702837,5.0,0,0.0,7017335807,7017335837
2.699219,2.699219,5.0,0,0.0,7018335819,7018335848
2.702179,2.702179,5.0,0,0.0,7019335841,7019335871
2.709085,2.709085,5.0,0,0.0,7020335797,7020335828
2.715991,2.715991,5.0,0,0.0,7021335879,7021335909
2.699877,2.722897,5.0,0,0.0,7022335878,7022335908
2.701521,2.701521,5.0,0,0.0,7023335875,7023335905
2.709414,2.685408,5.0,0,0.0,7024335826,7024335856
2.717306,2.6933,5.0,0,0.0,7025335833,7025335863
2.70777,2.70777,5.0,0,0.0,7026335957,7026335986
2.679817,2.722239,5.0,0,0.0,7027335882,7027335913
2.699877,2.699877,5.0,0,0.0,7028335989,7028336043
2.716978,2.677515,5.0,0,0.0,7029335997,7029336036
2.721581,2.721581,5.0,0,0.0,7030336028,7030336059
2.713689,2.713689,5.0,0,0.0,7031336037,7031336081
2.717964,2.717964,5.0,0,0.0,7032336049,7032336079
2.7104,2.7104,5.0,0,0.0,7033336071,7033336101
2.719937,2.719937,5.0,0,0.0,7034336049,7034336080
2.715333,2.715333,5.0,0,0.0,7035336078,7035336108
2.715991,2.715991,5.0,0,0.0,7036336114,7036336145
2.721253,2.721253,5.0,0,0.0,7037336131,7037336161
2.713689,2.713689,5.0,0,0.0,7038336140,7038336170
2.716978,2.716978,5.0,0,0.0,7039336167,7039336197
2.712702,2.712702,5.0,0,0.0,7040336047,7040336077
2.722568,2.722568,5.0,0,0.0,7041336204,7041336234
2.717306,2.717306,5.0,0,0.0,7042336228,7042336258
2.725857,2.725857,5.0,0,0.0,7043336164,7043336194
2.719937,2.719937,5.0,0,0.0,7044336269,7044336299
2.726514,2.726514,5.0,0,0.0,7045336269,7045336299
2.718951,2.718951,5.0,0,0.0,7046336286,7046336316
2.721253,2.721253,5.0,0,0.0,7047336296,7047336326
2.718622,2.718622,5.0,0,0.0,7048336286,7048336316
2.722897,2.722897,5.0,0,0.0,7049336336,7049336366
2.713689,2.713689,5.0,0,0.0,7050336344,7050336374
2.718622,2.718622,5.0,0,0.0,7051336377,7051336406
2.721253,2.721253,5.0,0,0.0,7052336293,7052336324
2.718293,2.718293,5.0,0,0.0,7053336394,7053336425
2.719608,2.719608,5.0,0,0.0,7054336379,7054336409
2.717964,2.717964,5.0,0,0.0,7055336370,7055336400
2.719608,2.719608,5.0,0,0.0,7056336448,7056336478
2.72191,2.72191,5.0,0,0.0,7057336462,7057336492
2.716978,2.716978,5.0,0,0.0,7058336481,7058336512
2.721581,2.721581,5.0,0,0.0,7059336486,7059336516
2.722897,2.722897,5.0,0,0.0,7060336511,7060336541
2.727501,2.727501,5.0,0,0.0,7061336332,7061336362
2.724212,2.724212,5.0,0,0.0,7062336521,7062336552
2.717964,2.717964,5.0,0,0.0,7063336563,7063336593
2.723883,2.723883,5.0,0,0.0,7064336575,7064336605
2.720595,2.720595,5.0,0,0.0,7065336588,7065336618
2.718293,2.718293,5.0,0,0.0,7066336550,7066336579
2.730461,2.715991,5.0,0,0.0,7067336621,7067336651
2.718951,2.718951,5.0,0,0.0,7068336596,7068336626
2.718951,2.718951,5.0,0,0.0,7069336415,7069336445
2.726185,2.726185,5.0,0,0.0,7070336679,7070336709
2.722897,2.722897,5.0,0,0.0,7071336695,7071336725
2.730132,2.730132,5.0,0,0.0,7072336707,7072336737
2.723555,2.723555,5.0,0,0.0,7073336721,7073336751
2.725857,2.725857,5.0,0,0.0,7074336744,7074336773
2.729474,2.729474,5.0,0,0.0,7075336715,7075336745
2.721253,2.721253,5.0,0,0.0,7076336774,7076336804
2.731447,2.731447,5.0,0,0.0,7077336623,7077336653
2.733749,2.733749,5.0,0,0.0,7078336809,7078336839
2.722568,2.722568,5.0,0,0.0,7079336828,7079336858
2.725528,2.725528,5.0,0,0.0,7080336836,7080336866
2.720924,2.720924,5.0,0,0.0,7081336869,7081336899
2.732762,2.732762,5.0,0,0.0,7082336870,7082336901
2.72487,2.72487,5.0,0,0.0,7083336885,7083336916
2.729145,2.729145,5.0,0,0.0,7084336889,7084336919
2.724541,2.724541,5.0,0,0.0,7085336804,7085336835
2.727172,2.727172,5.0,0,0.0,7086336832,7086336862
2.727172,2.727172,5.0,0,0.0,7087336952,7087336981
2.723226,2.723226,5.0,0,0.0,7088336971,7088337002
2.726514,2.726514,5.0,0,0.0,7089336988,7089337019
2.725528,2.725528,5.0,0,0.0,7090337003,7090337033
2.728487,2.728487,5.0,0,0.0,7091336855,7091336885
2.727501,2.727501,5.0,0,0.0,7092337037,7092337068
2.728816,2.728816,5.0,0,0.0,7093336840,7093336882
2.732434,2.732434,5.0,0,0.0,7094337072,7094337102
2.727501,2.727501,5.0,0,0.0,7095337086,7095337116
2.728487,2.728487,5.0,0,0.0,7096337101,7096337131
2.725199,2.725199,5.0,0,0.0,7097337110,7097337140
2.72783,2.72783,5.0,0,0.0,7098337035,7098337065
2.725857,2.725857,5.0,0,0.0,7099337148,7099337178
2.725528,2.725528,5.0,0,0.0,7100337056,7100337086
2.723226,2.723226,5.0,0,0.0,7101337203,7101337233
2.732762,2.722897,5.0,0,0.0,7102337207,7102337236
2.724212,2.724212,5.0,0,0.0,7103337222,7103337252
2.727501,2.727501,5.0,0,0.0,7104337243,7104337273
2.725199,2.725199,5.0,0,0.0,7105337243,7105337273
2.722239,2.722239,5.0,0,0.0,7106337194,7106337224
2.722897,2.722897,5.0,0,0.0,7107337291,7107337322
2.725528,2.725528,5.0,0,0.0,7108337306,7108337336
2.730132,2.730132,5.0,0,0.0,7109337327,7109337357
2.735064,2.735064,5.0,0,0.0,7110337337,7110337367
2.73934,2.73934,5.0,0,0.0,7111337365,7111337395
2.73638,2.743615,5.0,0,0.0,7112337367,7112337397
2.732105,2.732105,5.0,0,0.0,7113337370,7113337400
2.730132,2.730132,5.0,0,0.0,7114337407,7114337437
2.724212,2.724212,5.0,0,0.0,7115337420,7115337451
2.734407,2.722239,5.0,0,0.0,7116337436,7116337466
2.723883,2.723883,5.0,0,0.0,7117337455,7117337485
2.730132,2.730132,5.0,0,0.0,7118337468,7118337498
2.723555,2.723555,5.0,0,0.0,7119337483,7119337513
2.732105,2.732105,5.0,0,0.0,7120337495,7120337526
2.731118,2.731118,5.0,0,0.0,7121337517,7121337547
2.725528,2.725528,5.0,0,0.0,7122337536,7122337566
2.730461,2.730461,5.0,0,0.0,7123337551,7123337582
2.723226,2.723226,5.0,0,0.0,7124337564,7124337594
2.72487,2.72487,5.0,0,0.0,7125337577,7125337607
2.725857,2.725857,5.0,0,0.0,7126337594,7126337625
2.730461,2.730461,5.0,0,0.0,7127337601,7127337632
2.731776,2.731776,5.0,0,0.0,7128337525,7128337555
2.730789,2.730789,5.0,0,0.0,7129337642,7129337672
2.726185,2.726185,5.0,0,0.0,7130337640,7130337671
2.726514,2.726514,5.0,0,0.0,7131337682,7131337713
2.731776,2.731776,5.0,0,0.0,7132337693,7132337724
2.731118,2.731118,5.0,0,0.0,7133337704,7133337735
2.72487,2.72487,5.0,0,0.0,7134337730,7134337761
2.729145,2.729145,5.0,0,0.0,7135337713,7135337743
2.728159,2.728159,5.0,0,0.0,7136337757,7136337788
2.731118,2.731118,5.0,0,0.0,7137337763,7137337793
2.728816,2.728816,5.0,0,0.0,7138337789,7138337819
2.726514,2.726514,5.0,0,0.0,7139337712,7139337755
2.725857,2.725857,5.0,0,0.0,7140337825,7140337856
2.726185,2.726185,5.0,0,0.0,7141337851,7141337882
2.731776,2.731776,5.0,0,0.0,7142337850,7142337880
2.718951,2.732105,5.0,0,0.0,7143337872,7143337902
2.723883,2.723883,5.0,0,0.0,7144337879,7144337909
2.732762,2.715662,5.0,0,0.0,7145337904,7145337934
2.735393,2.735393,5.0,0,0.0,7146337732,7146337775
2.725199,2.725199,5.0,0,0.0,7147337940,7147337971
2.735393,2.735393,5.0,0,0.0,7148337957,7148337986
2.730461,2.730461,5.0,0,0.0,7149337971,7149338002
2.730461,2.730461,5.0,0,0.0,7150337875,7150337905
2.735393,2.735393,5.0,0,0.0,7151337973,7151338015
2.732762,2.732762,5.0,0,0.0,7152338019,7152338049
2.726514,2.726514,5.0,0,0.0,7153338022,7153338053
2.735722,2.735722,5.0,0,0.0,7154338051,7154338081
2.749205,2.749205,5.0,0,0.0,7155338069,7155338100
2.738682,2.738682,5.0,0,0.0,7156338082,7156338113
2.722897,2.722897,5.0,0,0.0,7157338074,7157338104
2.720924,2.720924,5.0,0,0.0,7158338008,7158338038
2.727501,2.727501,5.0,0,0.0,7159338130,7159338160
2.730789,2.730789,5.0,0,0.0,7160338170,7160338213
2.730789,2.730789,5.0,0,0.0,7161338183,7161338214
2.728816,2.728816,5.0,0,0.0,7162338185,7162338215
2.734078,2.734078,5.0,0,0.0,7163338196,7163338226
2.729803,2.729803,5.0,0,0.0,7164338209,7164338239
2.732762,2.732762,5.0,0,0.0,7165338195,7165338225
2.743944,2.743944,5.0,0,0.0,7166338249,7166338279
2.718951,2.746903,5.0,0,0.0,7167338066,7167338108
2.726514,2.726514,5.0,0,0.0,7168338288,7168338318
2.736709,2.706125,5.0,0,0.0,7169338298,7169338328
2.735393,2.735393,5.0,0,0.0,7170338314,7170338345
2.732434,2.732434,5.0,0,0.0,7171338337,7171338367
2.733749,2.733749,5.0,0,0.0,7172338239,7172338269
2.737038,2.737038,5.0,0,0.0,7173338364,7173338394
2.730789,2.730789,5.0,0,0.0,7174338382,7174338412
2.728487,2.728487,5.0,0,0.0,7175338394,7175338424
2.731776,2.731776,5.0,0,0.0,7176338417,7176338447
2.730461,2.730461,5.0,0,0.0,7177338430,7177338459
2.724541,2.724541,5.0,0,0.0,7178338447,7178338477
2.718293,2.718293,5.0,0,0.0,7179338427,7179338457
2.731776,2.712374,5.0,0,0.0,7180338480,7180338510
2.718951,2.718951,5.0,0,0.0,7181338454,7181338497
2.730132,2.730132,5.0,0,0.0,7182338513,7182338544
2.731776,2.731776,5.0,0,0.0,7183338524,7183338554
2.72783,2.72783,5.0,0,0.0,7184338543,7184338573
2.739668,2.739668,5.0,0,0.0,7185338560,7185338590
2.728487,2.728487,5.0,0,0.0,7186338563,7186338593
2.732762,2.732762,5.0,0,0.0,7187338591,7187338621
2.731118,2.731118,5.0,0,0.0,7188338578,7188338608
2.751836,2.751836,5.0,0,0.0,7189338625,7189338655
2.729803,2.729803,5.0,0,0.0,7190338647,7190338677
2.731118,2.731118,5.0,0,0.0,7191338665,7191338695
2.736051,2.736051,5.0,0,0.0,7192338672,7192338702
2.741642,2.741642,5.0,0,0.0,7193338677,7193338707
2.734078,2.734078,5.0,0,0.0,7194338480,7194338511
2.733749,2.733749,5.0,0,0.0,7195338619,7195338649
2.732105,2.732105,5.0,0,0.0,7196338744,7196338774
2.732434,2.732434,5.0,0,0.0,7197338757,7197338788
2.746903,2.746903,5.0,0,0.0,7198338770,7198338801
2.740655,2.740655,5.0,0,0.0,7199338786,7199338816
2.73934,2.73934,5.0,0,0.0,7200338802,7200338833
2.739668,2.739668,5.0,0,0.0,7201338811,7201338841
2.737695,2.737695,5.0,0,0.0,7202338728,7202338759
2.732762,2.732762,5.0,0,0.0,7203338855,7203338886
2.737038,2.737038,5.0,0,0.0,7204338876,7204338906
2.734078,2.734078,5.0,0,0.0,7205338873,7205338906
2.734736,2.734736,5.0,0,0.0,7206338902,7206338932
2.736051,2.736051,5.0,0,0.0,7207338792,7207338825
2.738682,2.738682,5.0,0,0.0,7208338935,7208338965
2.729145,2.729145,5.0,0,0.0,7209338951,7209338981
2.738353,2.738353,5.0,0,0.0,7210338971,7210339002
2.727501,2.727501,5.0,0,0.0,7211338982,7211339012
2.735064,2.735064,6.0,0,0.0,7212338989,7212339020
2.731776,2.731776,6.0,0,0.0,7213338739,7213338767
2.740984,2.740984,6.0,0,0.0,7214339039,7214339069
2.736709,2.736709,6.0,0,0.0,7215338827,7215338857
2.718622,2.718622,6.0,0,0.0,7216339039,7216339069
2.724541,2.724541,6.0,0,0.0,7217339083,7217339114
2.718293,2.718293,6.0,0,0.0,7218339099,7218339129
2.713689,2.713689,6.0,0,0.0,7219339094,7219339124
2.697904,2.697904,6.0,0,0.0,7220339108,7220339137
2.697904,2.697904,6.0,0,0.0,7221339162,7221339192
2.687052,2.687052,6.0,0,0.0,7222339077,7222339107
2.674227,2.674227,6.0,0,0.0,7223339167,7223339197
2.675213,2.675213,6.0,0,0.0,7224339177,7224339207
2.667649,2.667649,6.0,0,0.0,7225339213,7225339243
2.663703,2.663703,6.0,0,0.0,7226339229,7226339259
2.656468,2.656468,6.0,0,0.0,7227339227,7227339257
2.652522,2.652522,6.0,0,0.0,7228339263,7228339293
2.651536,2.651536,6.0,0,0.0,7229339185,7229339215
2.641999,2.641999,6.0,0,0.0,7230339294,7230339324
2.641341,2.641341,6.0,0,0.0,7231339325,7231339355
2.633778,2.633778,6.0,0,0.0,7232339333,7232339364
2.63016,2.63016,6.0,0,0.0,7233339350,7233339381
2.629174,2.629174,6.0,0,0.0,7234339358,7234339388
2.621939,2.621939,6.0,0,0.0,7235339359,7235339389
2.627201,2.627201,6.0,0,0.0,7236339382,7236339413
2.615033,2.615033,6.0,0,0.0,7237339409,7237339439
2.618321,2.618321,6.0,0,0.0,7238339344,7238339375
2.615362,2.615362,6.0,0,0.0,7239339448,7239339478
2.609771,2.609771,6.0,0,0.0,7240339463,7240339493
2.605167,2.605167,6.0,0,0.0,7241339486,7241339515
2.603852,2.603852,6.0,0,0.0,7242339495,7242339525
2.607469,2.607469,6.0,0,0.0,7243339504,7243339535
2.599248,2.599248,6.0,0,0.0,7244339529,7244339559
2.593986,2.593986,6.0,0,0.0,7245339446,7245339476
2.604181,2.588725,6.0,0,0.0,7246339559,7246339589
2.591027,2.591027,6.0,0,0.0,7247339576,7247339607
2.589711,2.589711,6.0,0,0.0,7248339586,7248339616
2.591355,2.591355,6.0,0,0.0,7249339591,7249339622
2.575571,2.575571,6.0,0,0.0,7250339605,7250339636
2.595302,2.595302,6.0,0,0.0,7251339654,7251339684
2.57853,2.57853,6.0,0,0.0,7252339632,7252339663
2.592013,2.592013,6.0,0,0.0,7253339676,7253339707
2.574584,2.574584,6.0,0,0.0,7254339690,7254339720
2.596617,2.596617,6.0,0,0.0,7255339699,7255339729
2.587409,2.587409,6.0,0,0.0,7256339730,7256339760
2.57294,2.57294,6.0,0,0.0,7257339694,7257339724
2.574584,2.574584,6.0,0,0.0,7258339758,7258339789
2.582148,2.582148,6.0,0,0.0,7259339770,7259339800
2.576228,2.576228,6.0,0,0.0,7260339796,7260339826
2.568336,2.568336,6.0,0,0.0,7261339816,7261339846
2.571953,2.571953,6.0,0,0.0,7262339816,7262339847
2.56702,2.56702,6.0,0,0.0,7263339835,7263339865
2.56702,2.56702,6.0,0,0.0,7264339849,7264339879
2.573926,2.573926,6.0,0,0.0,7265339862,7265339893
2.563403,2.563403,6.0,0,0.0,7266339715,7266339745
2.565376,2.565376,6.0,0,0.0,7267339868,7267339899
2.566691,2.566691,6.0,0,0.0,7268339918,7268339948
2.557812,2.557812,6.0,0,0.0,7269339926,7269339956
2.564061,2.564061,6.0,0,0.0,7270339943,7270339973
2.561759,2.561759,6.0,0,0.0,7271339957,7271339987
2.561101,2.561101,6.0,0,0.0,7272339985,7272340023
2.563732,2.563732,6.0,0,0.0,7273339888,7273339918
2.561101,2.561101,6.0,0,0.0,7274340014,7274340046
2.555839,2.555839,6.0,0,0.0,7275340044,7275340073
2.558799,2.558799,6.0,0,0.0,7276340051,7276340081
2.566034,2.566034,6.0,0,0.0,7277340071,7277340102
2.547618,2.568993,6.0,0,0.0,7278340073,7278340103
2.554195,2.554195,6.0,0,0.0,7279340089,7279340119
2.54992,2.54992,6.0,0,0.0,7280339881,7280339911
2.557812,2.557812,6.0,0,0.0,7281340141,7281340171
2.551564,2.551564,6.0,0,0.0,7282340114,7282340144
2.559786,2.559786,6.0,0,0.0,7283340163,7283340194
2.553537,2.553537,6.0,0,0.0,7284340182,7284340212
2.527887,2.527887,6.0,0,0.0,7285340196,7285340226
2.545316,2.545316,6.0,0,0.0,7286340227,7286340258
2.536437,2.536437,6.0,0,0.0,7287340115,7287340145
2.550249,2.550249,6.0,0,0.0,7288340251,7288340280
2.547618,2.547618,6.0,0,0.0,7289340260,7289340290
2.552222,2.552222,6.0,0,0.0,7290340269,7290340300
2.545316,2.545316,6.0,0,0.0,7291340308,7291340338
2.542685,2.542685,6.0,0,0.0,7292340304,7292340335
2.544329,2.544329,6.0,0,0.0,7293340331,7293340361
2.544658,2.544658,6.0,0,0.0,7294340357,7294340387
2.542356,2.542356,6.0,0,0.0,7295340312,7295340342
2.552222,2.552222,6.0,0,0.0,7296340375,7296340405
2.529531,2.529531,6.0,0,0.0,7297340390,7297340421
2.532491,2.532491,6.0,0,0.0,7298340381,7298340411
2.531504,2.531504,6.0,0,0.0,7299340399,7299340429
2.538081,2.538081,6.0,0,0.0,7300340440,7300340470
2.523283,2.523283,6.0,0,0.0,7301340472,7301340501
2.535779,2.535779,6.0,0,0.0,7302340390,7302340420
2.519337,2.519337,6.0,0,0.0,7303340489,7303340519
2.535122,2.535122,6.0,0,0.0,7304340414,7304340445
2.532491,2.532491,6.0,0,0.0,7305340528,7305340558
2.548276,2.548276,6.0,0,0.0,7306340537,7306340567
2.534135,2.534135,6.0,0,0.0,7307340558,7307340589
2.350635,2.519994,6.0,0,0.0,7308340365,7308340395
2.537095,2.537095,6.0,0,0.0,7309340597,7309340627
2.535779,2.535779,6.0,0,0.0,7310340328,7310340359
2.536108,2.536108,6.0,0,0.0,7311340370,7311340400
2.534793,2.534793,6.0,0,0.0,7312340643,7312340673
2.534135,2.534135,6.0,0,0.0,7313340627,7313340657
2.537423,2.537423,6.0,0,0.0,7314340396,7314340426
2.534793,2.534793,6.0,0,0.0,7315340685,7315340716
2.534793,2.534793,6.0,0,0.0,7316340706,7316340736
2.530189,2.530189,6.0,0,0.0,7317340721,7317340751
2.531833,2.531833,6.0,0,0.0,7318340651,7318340681
2.535122,2.535122,6.0,0,0.0,7319340579,7319340609
2.522954,2.522954,6.0,0,0.0,7320340770,7320340801
2.531504,2.531504,6.0,0,0.0,7321340625,7321340655
2.527887,2.527887,6.0,0,0.0,7322340687,7322340717
2.526242,2.526242,6.0,0,0.0,7323340822,7323340852
2.531833,2.531833,6.0,0,0.0,7324340841,7324340871
2.528544,2.528544,6.0,0,0.0,7325340854,7325340884
2.522296,2.522296,6.0,0,0.0,7326340759,7326340789
2.521639,2.521639,6.0,0,0.0,7327340882,7327340912
2.524598,2.524598,6.0,0,0.0,7328340898,7328340928
2.520981,2.520981,6.0,0,0.0,7329340801,7329340831
2.516706,2.516706,6.0,0,0.0,7330340939,7330340970
2.510786,2.510786,6.0,0,0.0,7331340782,7331340812
2.508484,2.508484,6.0,0,0.0,7332340962,7332340992
2.52131,2.506182,6.0,0,0.0,7333340974,7333341004
2.528544,2.528544,6.0,0,0.0,7334340854,7334340884
2.522625,2.522625,6.0,0,0.0,7335341013,7335341043
2.518021,2.518021,6.0,0,0.0,7336341036,7336341066
2.526571,2.526571,6.0,0,0.0,7337341053,7337341084
2.522296,2.522296,6.0,0,0.0,7338341062,7338341093
2.525585,2.525585,6.0,0,0.0,7339341081,7339341111
2.516048,2.516048,6.0,0,0.0,7340341081,7340341112
2.518021,2.518021,6.0,0,0.0,7341340935,7341340964
2.522296,2.522296,6.0,0,0.0,7342341131,7342341161
2.515061,2.515061,6.0,0,0.0,7343341145,7343341175
2.523612,2.523612,6.0,0,0.0,7344341159,7344341189
2.516048,2.516048,6.0,0,0.0,7345341153,7345341183
2.517035,2.517035,6.0,0,0.0,7346341102,7346341132
2.539068,2.518021,6.0,0,0.0,7347341128,7347341158
2.500592,2.500592,6.0,0,0.0,7348341222,7348341252
2.523283,2.523283,6.0,0,0.0,7349341248,7349341279
2.51539,2.51539,6.0,0,0.0,7350341265,7350341295
2.519008,2.519008,6.0,0,0.0,7351341287,7351341317
2.518021,2.518021,6.0,0,0.0,7352341297,7352341328
2.516706,2.516706,6.0,0,0.0,7353341317,7353341347
2.513746,2.513746,6.0,0,0.0,7354341252,7354341282
2.511115,2.511115,6.0,0,0.0,7355341053,7355341083
2.516706,2.516706,6.0,0,0.0,7356341099,7356341129
2.513088,2.513088,6.0,0,0.0,7357341385,7357341416
2.501907,2.501907,6.0,0,0.0,7358341402,7358341433
2.507498,2.507498,6.0,0,0.0,7359341410,7359341441
2.511773,2.511773,6.0,0,0.0,7360341428,7360341459
2.512431,2.512431,6.0,0,0.0,7361341371,7361341415
2.517363,2.517363,6.0,0,0.0,7362341459,7362341490
2.513088,2.513088,6.0,0,0.0,7363341298,7363341340
2.516706,2.516706,6.0,0,0.0,7364341496,7364341527
2.512102,2.512102,6.0,0,0.0,7365341510,7365341540
2.515061,2.515061,6.0,0,0.0,7366341455,7366341485
2.519665,2.519665,6.0,0,0.0,7367341544,7367341574
2.508156,2.522625,6.0,0,0.0,7368341529,7368341559
2.513746,2.513746,6.0,0,0.0,7369341578,7369341609
2.507169,2.507169,6.0,0,0.0,7370341584,7370341614
2.516377,2.500592,6.0,0,0.0,7371341558,7371341588
2.525914,2.525914,6.0,0,0.0,7372341536,7372341566
2.506511,2.535122,6.0,0,0.0,7373341634,7373341663
2.50684,2.50684,6.0,0,0.0,7374341658,7374341688
2.511773,2.511773,6.0,0,0.0,7375341590,7375341620
2.514075,2.514075,6.0,0,0.0,7376341688,7376341719
2.512102,2.512102,6.0,0,0.0,7377341697,7377341727
2.514733,2.514733,6.0,0,0.0,7378341721,7378341752
2.514404,2.514404,6.0,0,0.0,7379341744,7379341774
2.512759,2.512759,6.0,0,0.0,7380341751,7380341780
2.516048,2.516048,6.0,0,0.0,7381341784,7381341813
2.511115,2.511115,6.0,0,0.0,7382341804,7382341847
2.51539,2.51539,6.0,0,0.0,7383341808,7383341838
2.510786,2.510786,6.0,0,0.0,7384341816,7384341847
2.5098,2.5098,6.0,0,0.0,7385341781,7385341811
2.510129,2.510129,6.0,0,0.0,7386341861,7386341891
2.511773,2.511773,6.0,0,0.0,7387341866,7387341896
2.522625,2.522625,6.0,0,0.0,7388341892,7388341923
2.511115,2.511115,6.0,0,0.0,7389341795,7389341825
2.511115,2.511115,6.0,0,0.0,7390341918,7390341948
2.513088,2.513088,6.0,0,0.0,7391341944,7391341974
2.511115,2.511115,6.0,0,0.0,7392341916,7392341946
2.509471,2.509471,6.0,0,0.0,7393341964,7393341994
2.507827,2.507827,6.0,0,0.0,7394341984,7394342014
2.507827,2.507827,6.0,0,0.0,7395342001,7395342032
2.509471,2.509471,6.0,0,0.0,7396341994,7396342024
2.511444,2.511444,6.0,0,0.0,7397342030,7397342061
2.505854,2.505854,6.0,0,0.0,7398342047,7398342077
2.508156,2.508156,6.0,0,0.0,7399342058,7399342088
2.507169,2.507169,6.0,0,0.0,7400342075,7400342106
2.5098,2.5098,6.0,0,0.0,7401342113,7401342142
2.507498,2.507498,6.0,0,0.0,7402342098,7402342128
2.507498,2.507498,6.0,0,0.0,7403342024,7403342054
2.511115,2.511115,6.0,0,0.0,7404342152,7404342182
2.508484,2.508484,6.0,0,0.0,7405342097,7405342128
2.513088,2.513088,6.0,0,0.0,7406342180,7406342210
2.5098,2.5098,6.0,0,0.0,7407342125,7407342155
2.498619,2.498619,6.0,0,0.0,7408342212,7408342242
2.525256,2.49533,6.0,0,0.0,7409342228,7409342258
2.492699,2.492699,6.0,0,0.0,7410342238,7410342268
2.496646,2.496646,6.0,0,0.0,7411342270,7411342300
2.512431,2.512431,6.0,0,0.0,7412342279,7412342309
2.497632,2.497632,6.0,0,0.0,7413342297,7413342327
2.498619,2.498619,6.0,0,0.0,7414342305,7414342335
2.496646,2.496646,6.0,0,0.0,7415342331,7415342361
2.50684,2.50684,6.0,0,0.0,7416342345,7416342375
2.512102,2.512102,6.0,0,0.0,7417342355,7417342385
2.503552,2.503552,6.0,0,0.0,7418342381,7418342411
2.512759,2.512759,6.0,0,0.0,7419342257,7419342299
2.499934,2.499934,6.0,0,0.0,7420342411,7420342442
2.517363,2.517363,6.0,0,0.0,7421342410,7421342439
2.486451,2.486451,6.0,0,0.0,7422342440,7422342470
2.487438,2.487438,6.0,0,0.0,7423342462,7423342492
2.494344,2.494344,6.0,0,0.0,7424342462,7424342492
2.510786,2.510786,6.0,0,0.0,7425342496,7425342526
2.514733,2.514733,6.0,0,0.0,7426342513,7426342543
2.493028,2.493028,6.0,0,0.0,7427342521,7427342552
2.510458,2.510458,6.0,0,0.0,7428342539,7428342570
2.498619,2.498619,6.0,0,0.0,7429342552,7429342582
2.500921,2.500921,6.0,0,0.0,7430342544,7430342574
2.501907,2.501907,6.0,0,0.0,7431342577,7431342607
2.497961,2.497961,6.0,0,0.0,7432342602,7432342633
2.511773,2.511773,6.0,0,0.0,7433342566,7433342596
2.496646,2.496646,6.0,0,0.0,7434342642,7434342672
2.507498,2.507498,6.0,0,0.0,7435342654,7435342684
2.518021,2.518021,6.0,0,0.0,7436342562,7436342592
2.502236,2.528544,6.0,0,0.0,7437342685,7437342716
2.496646,2.496646,6.0,0,0.0,7438342690,7438342720
2.510786,2.510786,6.0,0,0.0,7439342721,7439342751
2.486122,2.486122,6.0,0,0.0,7440342738,7440342769
2.496975,2.496975,6.0,0,0.0,7441342768,7441342798
2.505525,2.505525,6.0,0,0.0,7442342773,7442342804
2.504867,2.504867,6.0,0,0.0,7443342776,7443342806
2.505525,2.505525,6.0,0,0.0,7444342804,7444342834
2.504867,2.504867,6.0,0,0.0,7445342809,7445342838
2.504209,2.504209,6.0,0,0.0,7446342834,7446342865
2.508484,2.508484,6.0,0,0.0,7447342853,7447342883
2.503552,2.503552,6.0,0,0.0,7448342866,7448342896
2.5098,2.5098,6.0,0,0.0,7449342886,7449342916
2.505854,2.505854,6.0,0,0.0,7450342903,7450342933
2.510129,2.510129,6.0,0,0.0,7451342932,7451342962
2.506511,2.506511,6.0,0,0.0,7452342905,7452342935
2.507827,2.507827,6.0,0,0.0,7453342952,7453342982
2.507498,2.507498,6.0,0,0.0,7454342971,7454343002
2.50388,2.50388,6.0,0,0.0,7455342980,7455343010
2.507169,2.507169,6.0,0,0.0,7456343000,7456343031
2.50684,2.50684,6.0,0,0.0,7457343015,7457343046
2.507169,2.507169,6.0,0,0.0,7458343010,7458343040
2.504209,2.504209,6.0,0,0.0,7459342971,7459343001
2.508813,2.508813,6.0,0,0.0,7460343066,7460343096
2.50684,2.50684,6.0,0,0.0,7461343099,7461343129
2.506182,2.506182,6.0,0,0.0,7462343064,7462343094
2.508484,2.508484,6.0,0,0.0,7463343117,7463343148
2.502894,2.502894,6.0,0,0.0,7464343131,7464343161
2.502565,2.502565,6.0,0,0.0,7465343141,7465343171
2.507169,2.507169,6.0,0,0.0,7466343143,7466343173
2.505196,2.505196,6.0,0,0.0,7467343186,7467343216
2.504867,2.504867,6.0,0,0.0,7468343198,7468343240
2.504867,2.504867,6.0,0,0.0,7469343211,7469343242
2.507827,2.507827,6.0,0,0.0,7470343226,7470343256
2.510458,2.510458,6.0,0,0.0,7471343255,7471343284
2.510786,2.510786,6.0,0,0.0,7472343252,7472343282
2.490069,2.511115,6.0,0,0.0,7473343245,7473343276
2.507498,2.507498,6.0,0,0.0,7474343297,7474343327
2.506182,2.506182,6.0,0,0.0,7475343237,7475343267
2.490397,2.502565,6.0,0,0.0,7476343328,7476343358
2.516377,2.50125,6.0,0,0.0,7477343345,7477343375
2.505196,2.505196,6.0,0,0.0,7478343361,7478343392
2.508813,2.508813,6.0,0,0.0,7479343374,7479343405
2.500592,2.500592,6.0,0,0.0,7480343291,7480343320
2.509142,2.509142,6.0,0,0.0,7481343422,7481343452
2.505525,2.505525,6.0,0,0.0,7482343404,7482343435
2.500263,2.500263,6.0,0,0.0,7483343443,7483343473
2.505854,2.505854,6.0,0,0.0,7484343454,7484343484
2.49829,2.49829,6.0,0,0.0,7485343459,7485343489
2.504538,2.504538,6.0,0,0.0,7486343460,7486343490
2.506182,2.506182,6.0,0,0.0,7487343408,7487343437
2.497632,2.497632,6.0,0,0.0,7488343525,7488343555
2.491713,2.491713,6.0,0,0.0,7489343515,7489343545
2.485465,2.485465,6.0,0,0.0,7490343559,7490343589
2.508484,2.479545,6.0,0,0.0,7491343568,7491343597
2.503552,2.503552,6.0,0,0.0,7492343508,7492343539
2.502565,2.526571,6.0,0,0.0,7493343608,7493343638
2.498948,2.525585,6.0,0,0.0,7494343609,7494343639
2.50684,2.50684,6.0,0,0.0,7495343640,7495343670
2.506182,2.506182,6.0,0,0.0,7496343547,7496343576
2.501907,2.501907,6.0,0,0.0,7497343673,7497343703
2.505196,2.505196,6.0,0,0.0,7498343674,7498343703
2.500592,2.500592,6.0,0,0.0,7499343708,7499343738
2.502894,2.502894,6.0,0,0.0,7500343722,7500343753
2.510129,2.510129,6.0,0,0.0,7501343738,7501343767
2.491713,2.512431,6.0,0,0.0,7502343682,7502343712
2.502894,2.502894,6.0,0,0.0,7503343738,7503343768
2.52131,2.493357,6.0,0,0.0,7504343788,7504343818
2.492699,2.492699,6.0,0,0.0,7505343805,7505343836
2.519008,2.519008,6.0,0,0.0,7506343801,7506343832
2.492371,2.492371,6.0,0,0.0,7507343838,7507343868
2.517363,2.517363,6.0,0,0.0,7508343847,7508343877
2.492042,2.492042,6.0,0,0.0,7509343850,7509343881
2.493357,2.493357,6.0,0,0.0,7510343712,7510343741
2.497632,2.497632,6.0,0,0.0,7511343906,7511343936
2.482176,2.482176,6.0,0,0.0,7512343921,7512343951
2.506182,2.506182,6.0,0,0.0,7513343659,7513343693
2.503552,2.503552,5.0,0,0.0,7514343952,7514343983
2.502894,2.502894,5.0,0,0.0,7515343954,7515343985
2.499605,2.499605,5.0,0,0.0,7516343984,7516344022
2.50388,2.50388,5.0,0,0.0,7517343904,7517343935
2.509142,2.509142,5.0,0,0.0,7518344014,7518344057
2.512759,2.512759,5.0,0,0.0,7519343935,7519343965
2.519337,2.519337,5.0,0,0.0,7520344049,7520344078
2.525585,2.525585,5.0,0,0.0,7521344080,7521344110
2.535779,2.535779,5.0,0,0.0,7522344031,7522344075
2.544329,2.544329,5.0,0,0.0,7523344089,7523344119
2.552222,2.552222,5.0,0,0.0,7524344095,7524344125
2.562088,2.562088,5.0,0,0.0,7525344130,7525344160
2.557484,2.557484,5.0,0,0.0,7526344142,7526344172
2.563403,2.563403,5.0,0,0.0,7527344165,7527344196
2.569322,2.569322,5.0,0,0.0,7528344201,7528344234
2.580174,2.580174,5.0,0,0.0,7529344195,7529344225
2.58445,2.58445,5.0,0,0.0,7530344213,7530344243
2.59004,2.59004,5.0,0,0.0,7531344239,7531344269
2.589053,2.589053,5.0,0,0.0,7532344251,7532344281
2.593986,2.593986,5.0,0,0.0,7533344275,7533344305
2.601879,2.601879,5.0,0,0.0,7534344278,7534344307
2.601879,2.601879,5.0,0,0.0,7535344250,7535344280
2.603852,2.603852,5.0,0,0.0,7536344314,7536344344
2.609771,2.609771,5.0,0,0.0,7537344328,7537344358
2.609771,2.609771,5.0,0,0.0,7538344339,7538344369
2.610758,2.610758,5.0,0,0.0,7539344307,7539344337
2.614704,2.614704,5.0,0,0.0,7540344373,7540344403
2.622268,2.622268,5.0,0,0.0,7541344409,7541344439
2.618979,2.618979,5.0,0,0.0,7542344288,7542344319
2.626543,2.626543,5.0,0,0.0,7543344424,7543344455
2.626872,2.626872,5.0,0,0.0,7544344445,7544344476
2.627201,2.627201,5.0,0,0.0,7545344459,7545344489
2.635422,2.627529,5.0,0,0.0,7546344473,7546344503
2.632791,2.632791,5.0,0,0.0,7547344485,7547344515
2.63608,2.63608,5.0,0,0.0,7548344506,7548344537
2.640355,2.640355,5.0,0,0.0,7549344371,7549344401
2.632791,2.643643,5.0,0,0.0,7550344542,7550344573
2.638382,2.638382,5.0,0,0.0,7551344566,7551344596
2.639368,2.639368,5.0,0,0.0,7552344567,7552344598
2.634106,2.634106,5.0,0,0.0,7553344354,7553344385
2.636737,2.636737,5.0,0,0.0,7554344602,7554344633
2.642328,2.642328,5.0,0,0.0,7555344625,7555344655
2.651207,2.651207,5.0,0,0.0,7556344396,7556344426
2.644959,2.656797,5.0,0,0.0,7557344657,7557344688
2.651865,2.651865,5.0,0,0.0,7558344659,7558344690
2.656797,2.646932,5.0,0,0.0,7559344690,7559344720
2.651536,2.651536,5.0,0,0.0,7560344700,7560344730
2.659757,2.659757,5.0,0,0.0,7561344545,7561344575
2.657455,2.657455,5.0,0,0.0,7562344729,7562344760
2.656468,2.656468,5.0,0,0.0,7563344652,7563344683
2.65877,2.65877,5.0,0,0.0,7564344773,7564344804
2.654167,2.654167,5.0,0,0.0,7565344789,7565344819
2.646932,2.646932,5.0,0,0.0,7566344803,7566344833
2.643314,2.643314,5.0,0,0.0,7567344817,7567344848
2.661072,2.639697,5.0,0,0.0,7568344805,7568344835
2.65022,2.65022,5.0,0,0.0,7569344853,7569344883
2.669951,2.669951,5.0,0,0.0,7570344769,7570344799
2.645945,2.680475,5.0,0,0.0,7571344897,7571344927
2.652522,2.652522,5.0,0,0.0,7572344901,7572344932
2.661072,2.628516,5.0,0,0.0,7573344922,7573344952
2.666663,2.637066,5.0,0,0.0,7574344935,7574344965
2.6762,2.6762,5.0,0,0.0,7575344941,7575344971
2.66173,2.714347,5.0,0,0.0,7576344968,7576344998
2.643972,2.699877,5.0,0,0.0,7577344884,7577344915
2.6762,2.6762,5.0,0,0.0,7578345002,7578345033
2.660086,2.660086,5.0,0,0.0,7579345017,7579345048
2.666663,2.666663,5.0,0,0.0,7580345036,7580345067
2.660086,2.660086,5.0,0,0.0,7581345066,7581345096
2.655482,2.655482,5.0,0,0.0,7582345063,7582345093
2.670938,2.670938,5.0,0,0.0,7583344830,7583344860
2.657784,2.657784,5.0,0,0.0,7584344927,7584344958
2.674884,2.674884,5.0,0,0.0,7585345114,7585345144
2.677515,2.677515,5.0,0,0.0,7586345040,7586345070
2.682119,2.682119,5.0,0,0.0,7587345144,7587345175
2.693958,2.693958,5.0,0,0.0,7588345163,7588345193
2.680475,2.680475,5.0,0,0.0,7589345176,7589345207
2.66173,2.66173,5.0,0,0.0,7590345170,7590345201
2.685079,2.648247,5.0,0,0.0,7591345043,7591345073
2.666334,2.666334,5.0,0,0.0,7592345232,7592345262
2.683763,2.683763,5.0,0,0.0,7593345270,7593345303
2.670609,2.701193,5.0,0,0.0,7594345173,7594345203
2.676529,2.676529,5.0,0,0.0,7595345276,7595345306
2.665019,2.665019,5.0,0,0.0,7596345296,7596345326
2.688696,2.653509,5.0,0,0.0,7597345307,7597345337
2.670938,2.670938,5.0,0,0.0,7598345247,7598345277
2.671267,2.671267,5.0,0,0.0,7599345337,7599345367
2.678831,2.678831,5.0,0,0.0,7600345352,7600345383
2.673569,2.673569,5.0,0,0.0,7601345388,7601345417
2.683434,2.683434,5.0,0,0.0,7602345310,7602345340
2.686065,2.686065,5.0,0,0.0,7603345398,7603345429
2.69626,2.69626,5.0,0,0.0,7604345430,7604345460
2.682448,2.682448,5.0,0,0.0,7605345337,7605345367
2.689683,2.689683,5.0,0,0.0,7606345387,7606345417
2.692642,2.692642,5.0,0,0.0,7607345476,7607345505
2.687052,2.687052,5.0,0,0.0,7608345492,7608345523
2.68475,2.68475,5.0,0,0.0,7609345515,7609345546
2.674227,2.674227,5.0,0,0.0,7610345458,7610345488
2.678831,2.678831,5.0,0,0.0,7611345552,7611345582
2.677844,2.677844,5.0,0,0.0,7612345487,7612345518
2.678831,2.678831,5.0,0,0.0,7613345508,7613345538
2.69626,2.69626,5.0,0,0.0,7614345418,7614345448
2.683106,2.683106,5.0,0,0.0,7615345620,7615345653
2.671925,2.671925,5.0,0,0.0,7616345613,7616345645
2.682777,2.660744,5.0,0,0.0,7617345581,7617345627
2.684092,2.684092,5.0,0,0.0,7618345644,7618345676
2.6762,2.6762,5.0,0,0.0,7619345498,7619345528
2.690998,2.690998,5.0,0,0.0,7620345703,7620345736
2.702508,2.702508,5.0,0,0.0,7621345738,7621345772
2.685079,2.714018,5.0,0,0.0,7622345719,7622345754
2.674884,2.674884,5.0,0,0.0,7623345740,7623345775
2.688367,2.688367,5.0,0,0.0,7624345711,7624345745
2.705468,2.705468,5.0,0,0.0,7625345772,7625345806
2.690998,2.690998,5.0,0,0.0,7626345787,7626345822
2.692642,2.692642,5.0,0,0.0,7627345805,7627345840
2.697246,2.697246,5.0,0,0.0,7628345824,7628345858
2.695602,2.695602,5.0,0,0.0,7629345789,7629345823
2.694287,2.694287,5.0,0,0.0,7630345855,7630345889
2.698233,2.698233,5.0,0,0.0,7631345697,7631345732
2.698891,2.698891,5.0,0,0.0,7632345890,7632345924
2.702508,2.702508,5.0,0,0.0,7633345730,7633345763
2.696917,2.696917,5.0,0,0.0,7634345656,7634345688
2.699219,2.699219,5.0,0,0.0,7635345908,7635345942
2.690998,2.690998,5.0,0,0.0,7636345927,7636345962
2.695602,2.695602,5.0,0,0.0,7637345938,7637345973
2.705468,2.705468,5.0,0,0.0,7638345900,7638345933
2.711058,2.711058,5.0,0,0.0,7639345938,7639345973
2.688696,2.716649,5.0,0,0.0,7640345934,7640345968
2.694287,2.694287,5.0,0,0.0,7641345897,7641345934
2.692971,2.671925,5.0,0,0.0,7642345933,7642345968
2.703495,2.670609,5.0,0,0.0,7643345932,7643345965
2.700206,2.700206,5.0,0,0.0,7644345932,7644345964
2.700206,2.729803,5.0,0,0.0,7645345921,7645345954
2.698233,2.729803,5.0,0,0.0,7646345958,7646345993
2.701521,2.701521,5.0,0,0.0,7647345888,7647345923
2.698891,2.698891,5.0,0,0.0,7648345940,7648345975
2.703823,2.703823,5.0,0,0.0,7649345955,7649345991
2.703495,2.703495,5.0,0,0.0,7650345954,7650345988
2.698562,2.698562,5.0,0,0.0,7651345964,7651345997
2.702508,2.702508,5.0,0,0.0,7652345958,7652346001
2.690998,2.690998,5.0,0,0.0,7653345968,7653345998
2.695931,2.695931,5.0,0,0.0,7654345997,7654346026
2.702837,2.702837,5.0,0,0.0,7655346017,7655346045
2.706783,2.706783,5.0,0,0.0,7656346012,7656346054
2.702508,2.702508,5.0,0,0.0,7657346040,7657346082
2.711716,2.711716,5.0,0,0.0,7658346056,7658346097
2.705468,2.705468,5.0,0,0.0,7659346066,7659346099
2.701521,2.701521,5.0,0,0.0,7660346083,7660346113
2.703166,2.703166,5.0,0,0.0,7661346069,7661346100
2.701193,2.701193,5.0,0,0.0,7662346141,7662346170
2.704152,2.704152,5.0,0,0.0,7663346191,7663346222
2.697575,2.697575,5.0,0,0.0,7664346211,7664346242
2.708098,2.708098,5.0,0,0.0,7665346176,7665346205
2.703823,2.703823,5.0,0,0.0,7666346177,7666346208
2.705797,2.705797,5.0,0,0.0,7667346382,7667346412
2.705139,2.705139,5.0,0,0.0,7668346390,7668346420
2.706454,2.706454,5.0,0,0.0,7669346403,7669346433
2.706125,2.706125,5.0,0,0.0,7670346417,7670346447
2.709414,2.709414,5.0,0,0.0,7671346264,7671346292
2.707112,2.707112,5.0,0,0.0,7672346291,7672346319
2.704152,2.704152,5.0,0,0.0,7673346448,7673346478
2.699877,2.699877,5.0,0,0.0,7674346459,7674346490
2.706125,2.706125,5.0,0,0.0,7675346490,7675346520
2.695273,2.695273,5.0,0,0.0,7676346496,7676346526
2.698891,2.698891,5.0,0,0.0,7677346523,7677346553
2.706783,2.706783,5.0,0,0.0,7678346531,7678346561
2.7104,2.7104,5.0,0,0.0,7679346546,7679346576
2.701193,2.714018,5.0,0,0.0,7680346595,7680346625
2.697904,2.697904,5.0,0,0.0,7681346575,7681346617
2.692971,2.692971,5.0,0,0.0,7682346604,7682346633
2.691327,2.691327,5.0,0,0.0,7683346622,7683346652
2.688696,2.688696,5.0,0,0.0,7684346625,7684346678
2.692314,2.692314,5.0,0,0.0,7685346656,7685346686
2.703495,2.703495,5.0,0,0.0,7686346669,7686346700
2.706125,2.706125,5.0,0,0.0,7687346690,7687346720
2.718951,2.718951,5.0,0,0.0,7688346695,7688346725
2.706454,2.706454,5.0,0,0.0,7689346724,7689346754
2.695931,2.695931,5.0,0,0.0,7690346747,7690346777
2.721253,2.685408,5.0,0,0.0,7691346669,7691346699
2.71632,2.71632,5.0,0,0.0,7692346778,7692346807
2.72191,2.741642,5.0,0,0.0,7693346703,7693346732
2.716649,2.747232,5.0,0,0.0,7694346812,7694346842
2.702179,2.702179,5.0,0,0.0,7695346829,7695346859
2.717635,2.677186,5.0,0,0.0,7696346850,7696346880
2.702837,2.702837,5.0,0,0.0,7697346861,7697346892
2.7104,2.7104,5.0,0,0.0,7698346884,7698346915
2.702179,2.702179,5.0,0,0.0,7699346899,7699346930
2.720924,2.720924,5.0,0,0.0,7700346906,7700346937
2.709414,2.709414,5.0,0,0.0,7701346851,7701346879
2.712374,2.712374,5.0,0,0.0,7702346944,7702346974
2.485465,2.700864,5.0,0,0.0,7703346963,7703346993
2.712045,2.712045,5.0,0,0.0,7704346981,7704347012
2.710072,2.710072,5.0,0,0.0,7705347000,7705347030
2.713031,2.713031,5.0,0,0.0,7706346991,7706347021
2.538081,2.711058,5.0,0,0.0,7707347029,7707347059
2.711058,2.711058,5.0,0,0.0,7708347059,7708347089
2.709743,2.709743,5.0,0,0.0,7709347068,7709347099
2.714018,2.714018,5.0,0,0.0,7710347091,7710347121
2.714676,2.714676,5.0,0,0.0,7711347007,7711347037
2.70777,2.70777,5.0,0,0.0,7712347127,7712347157
2.709414,2.709414,5.0,0,0.0,7713347140,7713347170
2.714676,2.714676,5.0,0,0.0,7714347149,7714347179
2.713031,2.713031,5.0,0,0.0,7715347167,7715347198
2.712045,2.712045,5.0,0,0.0,7716347190,7716347221
2.714347,2.714347,5.0,0,0.0,7717347208,7717347239
2.717635,2.717635,5.0,0,0.0,7718347231,7718347261
2.706454,2.706454,5.0,0,0.0,7719347245,7719347275
2.707112,2.707112,5.0,0,0.0,7720347265,7720347295
2.715662,2.715662,5.0,0,0.0,7721347261,7721347304
2.682448,2.71632,5.0,0,0.0,7722347176,7722347206
2.70481,2.70481,5.0,0,0.0,7723347307,7723347337
2.705797,2.705797,5.0,0,0.0,7724347329,7724347359
2.703166,2.703166,5.0,0,0.0,7725347352,7725347382
2.708756,2.708756,5.0,0,0.0,7726347370,7726347400
2.719608,2.719608,5.0,0,0.0,7727347387,7727347417
2.703823,2.703823,5.0,0,0.0,7728347401,7728347432
2.715662,2.715662,5.0,0,0.0,7729347410,7729347441
2.711058,2.711058,5.0,0,0.0,7730347431,7730347461
2.720266,2.720266,5.0,0,0.0,7731347459,7731347489
2.715333,2.715333,5.0,0,0.0,7732347471,7732347501
2.717306,2.717306,5.0,0,0.0,7733347489,7733347519
2.715991,2.715991,5.0,0,0.0,7734347511,7734347542
2.705468,2.705468,5.0,0,0.0,7735347524,7735347554
2.713031,2.713031,5.0,0,0.0,7736347542,7736347572
2.716978,2.716978,5.0,0,0.0,7737347379,7737347408
2.718293,2.718293,5.0,0,0.0,7738347573,7738347603
2.709414,2.709414,5.0,0,0.0,7739347592,7739347622
2.699877,2.699877,5.0,0,0.0,7740347609,7740347640
2.718293,2.690998,5.0,0,0.0,7741347626,7741347656
2.715991,2.715991,5.0,0,0.0,7742347631,7742347661
2.71336,2.734407,5.0,0,0.0,7743347662,7743347693
2.715333,2.715333,5.0,0,0.0,7744347686,7744347717
2.715333,2.715333,5.0,0,0.0,7745347697,7745347727
2.72191,2.72191,5.0,0,0.0,7746347709,7746347739
2.712702,2.712702,5.0,0,0.0,7747347696,7747347726
2.715004,2.715004,5.0,0,0.0,7748347744,7748347774
2.726514,2.726514,5.0,0,0.0,7749347756,7749347786
2.72487,2.72487,5.0,0,0.0,7750347782,7750347812
2.726514,2.726514,5.0,0,0.0,7751347808,7751347840
2.724212,2.724212,5.0,0,0.0,7752347812,7752347842
2.705797,2.705797,5.0,0,0.0,7753347836,7753347866
2.711716,2.711716,5.0,0,0.0,7754347842,7754347872
2.713031,2.713031,5.0,0,0.0,7755347867,7755347897
2.715333,2.715333,5.0,0,0.0,7756347875,7756347904
2.708427,2.708427,5.0,0,0.0,7757347885,7757347915
2.705797,2.705797,5.0,0,0.0,7758347901,7758347932
2.703823,2.703823,5.0,0,0.0,7759347798,7759347827
2.727172,2.70185,5.0,0,0.0,7760347950,7760347980
2.710729,2.710729,5.0,0,0.0,7761347958,7761347990
2.706125,2.706125,5.0,0,0.0,7762347975,7762348014
2.720266,2.720266,5.0,0,0.0,7763347985,7763348023
2.720266,2.720266,5.0,0,0.0,7764348040,7764348073
2.716649,2.716649,5.0,0,0.0,7765348059,7765348122
2.718951,2.718951,5.0,0,0.0,7766348043,7766348075
2.720924,2.720924,5.0,0,0.0,7767348063,7767348109
2.720266,2.720266,5.0,0,0.0,7768348107,7768348150
2.716649,2.716649,5.0,0,0.0,7769348105,7769348136
2.717635,2.717635,5.0,0,0.0,7770348143,7770348173
2.717635,2.717635,5.0,0,0.0,7771348111,7771348156
2.711716,2.711716,5.0,0,0.0,7772348126,7772348169
2.709743,2.709743,5.0,0,0.0,7773348214,7773348244
2.728487,2.70777,5.0,0,0.0,7774348210,7774348240
2.71336,2.71336,5.0,0,0.0,7775348165,7775348208
2.731118,2.731118,5.0,0,0.0,7776348194,7776348237
2.72487,2.72487,5.0,0,0.0,7777348265,7777348295
2.722568,2.722568,5.0,0,0.0,7778348226,7778348269
2.718293,2.718293,5.0,0,0.0,7779348249,7779348280
2.719608,2.719608,5.0,0,0.0,7780348244,7780348275
2.720595,2.720595,5.0,0,0.0,7781348315,7781348346
2.718293,2.718293,5.0,0,0.0,7782348279,7782348310
2.715004,2.715004,5.0,0,0.0,7783348095,7783348123
2.712374,2.712374,5.0,0,0.0,7784348373,7784348416
2.708427,2.708427,5.0,0,0.0,7785348367,7785348410
2.717964,2.705797,5.0,0,0.0,7786348326,7786348356
2.718951,2.718951,5.0,0,0.0,7787348347,7787348376
2.718951,2.718951,5.0,0,0.0,7788348171,7788348201
2.715662,2.715662,5.0,0,0.0,7789348351,7789348381
2.710072,2.710072,5.0,0,0.0,7790348354,7790348384
2.716649,2.716649,5.0,0,0.0,7791348372,7791348404
2.716649,2.716649,5.0,0,0.0,7792348341,7792348383
2.701193,2.716649,5.0,0,0.0,7793348362,7793348392
2.709743,2.709743,5.0,0,0.0,7794348346,7794348377
2.713031,2.713031,5.0,0,0.0,7795348351,7795348381
2.704481,2.704481,5.0,0,0.0,7796348331,7796348361
2.72191,2.72191,5.0,0,0.0,7797348414,7797348444
2.722568,2.722568,5.0,0,0.0,7798348425,7798348455
2.718293,2.718293,5.0,0,0.0,7799348384,7799348414
2.71928,2.71928,5.0,0,0.0,7800348404,7800348434
2.71928,2.71928,5.0,0,0.0,7801348415,7801348445
2.719937,2.719937,5.0,0,0.0,7802348441,7802348471
2.720595,2.720595,5.0,0,0.0,7803348448,7803348478
2.721253,2.721253,5.0,0,0.0,7804348498,7804348528
2.718293,2.718293,5.0,0,0.0,7805348511,7805348541
2.722897,2.722897,5.0,0,0.0,7806348660,7806348691
2.722568,2.722568,5.0,0,0.0,7807348666,7807348697
2.719937,2.719937,5.0,0,0.0,7808348677,7808348707
2.72487,2.72487,5.0,0,0.0,7809348585,7809348616
2.70185,2.722239,5.0,0,0.0,7810348701,7810348731
2.72191,2.72191,5.0,0,0.0,7811348652,7811348682
2.732105,2.732105,5.0,0,0.0,7812348731,7812348762
2.709743,2.731776,5.0,0,0.0,7813348741,7813348771
2.705468,2.705468,5.0,0,0.0,7814348763,7814348793
2.717306,2.683106,5.0,0,0.0,7815348777,7815348807
